id,name,department,status,score
0,user_0,Security,Inactive,23
1,user_1,Finance,Inactive,92
2,user_2,Engineering,Inactive,56
3,user_3,Finance,Active,56
4,user_4,Finance,Inactive,59
5,user_5,Security,Active,17
6,user_6,Security,Active,69
7,user_7,Engineering,Inactive,30
8,user_8,Operations,Pending,30
9,user_9,Operations,Inactive,12
10,user_10,Finance,Inactive,4
11,user_11,Operations,Inactive,9
12,user_12,Security,Inactive,14
13,user_13,Engineering,Active,60
14,user_14,Operations,Active,37
15,user_15,Finance,Pending,93
16,user_16,Security,Active,53
17,user_17,Engineering,Pending,4
18,user_18,Finance,Inactive,89
19,user_19,Operations,Pending,57
20,user_20,Engineering,Pending,26
21,user_21,Operations,Active,56
22,user_22,Engineering,Pending,5
23,user_23,Engineering,Pending,29
24,user_24,Operations,Inactive,81
25,user_25,Finance,Active,98
26,user_26,Security,Pending,62
27,user_27,Finance,Active,68
28,user_28,Finance,Pending,96
29,user_29,Finance,Active,86
30,user_30,Security,Pending,21
31,user_31,Operations,Inactive,63
32,user_32,Security,Inactive,8
33,user_33,Finance,Active,52
34,user_34,Finance,Pending,22
35,user_35,Operations,Active,18
36,user_36,Security,Inactive,65
37,user_37,Finance,Inactive,43
38,user_38,Operations,Pending,38
39,user_39,Engineering,Active,67
40,user_40,Engineering,Inactive,74
41,user_41,Operations,Pending,0
42,user_42,Operations,Inactive,86
43,user_43,Engineering,Active,15
44,user_44,Finance,Pending,50
45,user_45,Security,Active,82
46,user_46,Operations,Pending,11
47,user_47,Security,Inactive,81
48,user_48,Finance,Inactive,89
49,user_49,Finance,Pending,72
50,user_50,Engineering,Active,36
51,user_51,Finance,Active,1
52,user_52,Engineering,Active,23
53,user_53,Finance,Pending,96
54,user_54,Security,Inactive,48
55,user_55,Operations,Pending,76
56,user_56,Security,Active,31
57,user_57,Operations,Active,61
58,user_58,Finance,Active,2
59,user_59,Finance,Pending,97
60,user_60,Security,Pending,1
61,user_61,Finance,Active,39
62,user_62,Security,Pending,68
63,user_63,Operations,Pending,69
64,user_64,Finance,Inactive,23
65,user_65,Security,Active,73
66,user_66,Operations,Inactive,54
67,user_67,Security,Inactive,49
68,user_68,Operations,Inactive,48
69,user_69,Security,Active,44
70,user_70,Finance,Active,84
71,user_71,Security,Pending,6
72,user_72,Engineering,Inactive,76
73,user_73,Finance,Inactive,53
74,user_74,Finance,Active,61
75,user_75,Security,Pending,59
76,user_76,Finance,Active,81
77,user_77,Finance,Pending,31
78,user_78,Security,Inactive,35
79,user_79,Engineering,Active,5
80,user_80,Security,Pending,38
81,user_81,Operations,Inactive,88
82,user_82,Engineering,Active,53
83,user_83,Engineering,Active,50
84,user_84,Finance,Inactive,0
85,user_85,Finance,Pending,79
86,user_86,Security,Inactive,47
87,user_87,Finance,Active,84
88,user_88,Security,Inactive,80
89,user_89,Engineering,Pending,3
90,user_90,Operations,Inactive,4
91,user_91,Engineering,Inactive,79
92,user_92,Finance,Pending,67
93,user_93,Security,Active,69
94,user_94,Finance,Pending,34
95,user_95,Operations,Inactive,41
96,user_96,Operations,Inactive,43
97,user_97,Engineering,Inactive,86
98,user_98,Finance,Pending,15
99,user_99,Security,Active,80
100,user_100,Security,Inactive,14
101,user_101,Finance,Active,34
102,user_102,Finance,Pending,75
103,user_103,Finance,Inactive,60
104,user_104,Finance,Pending,48
105,user_105,Finance,Active,79
106,user_106,Engineering,Inactive,55
107,user_107,Operations,Inactive,17
108,user_108,Finance,Pending,73
109,user_109,Security,Inactive,43
110,user_110,Engineering,Inactive,7
111,user_111,Operations,Pending,18
112,user_112,Security,Pending,86
113,user_113,Operations,Inactive,27
114,user_114,Operations,Active,89
115,user_115,Security,Inactive,12
116,user_116,Finance,Pending,20
117,user_117,Engineering,Inactive,20
118,user_118,Engineering,Active,65
119,user_119,Finance,Inactive,15
120,user_120,Engineering,Inactive,88
121,user_121,Security,Active,72
122,user_122,Security,Inactive,45
123,user_123,Operations,Pending,75
124,user_124,Engineering,Active,8
125,user_125,Finance,Pending,64
126,user_126,Security,Pending,61
127,user_127,Engineering,Active,0
128,user_128,Operations,Inactive,89
129,user_129,Operations,Active,0
130,user_130,Security,Inactive,29
131,user_131,Engineering,Active,33
132,user_132,Operations,Inactive,54
133,user_133,Security,Active,21
134,user_134,Engineering,Pending,80
135,user_135,Security,Active,49
136,user_136,Operations,Pending,85
137,user_137,Security,Inactive,19
138,user_138,Finance,Active,4
139,user_139,Engineering,Active,56
140,user_140,Finance,Inactive,9
141,user_141,Security,Inactive,44
142,user_142,Engineering,Active,21
143,user_143,Finance,Pending,77
144,user_144,Operations,Active,33
145,user_145,Finance,Active,61
146,user_146,Operations,Pending,15
147,user_147,Operations,Inactive,35
148,user_148,Operations,Active,28
149,user_149,Security,Active,83
150,user_150,Engineering,Inactive,34
151,user_151,Finance,Pending,30
152,user_152,Finance,Inactive,49
153,user_153,Operations,Inactive,9
154,user_154,Security,Pending,3
155,user_155,Security,Inactive,64
156,user_156,Engineering,Pending,68
157,user_157,Security,Inactive,18
158,user_158,Engineering,Active,30
159,user_159,Engineering,Active,79
160,user_160,Security,Active,12
161,user_161,Security,Pending,85
162,user_162,Operations,Pending,47
163,user_163,Operations,Pending,21
164,user_164,Finance,Inactive,94
165,user_165,Security,Inactive,97
166,user_166,Security,Active,49
167,user_167,Finance,Inactive,94
168,user_168,Security,Inactive,19
169,user_169,Operations,Active,55
170,user_170,Security,Active,4
171,user_171,Finance,Inactive,51
172,user_172,Finance,Active,84
173,user_173,Security,Inactive,37
174,user_174,Engineering,Active,18
175,user_175,Finance,Active,16
176,user_176,Finance,Inactive,37
177,user_177,Security,Active,86
178,user_178,Finance,Inactive,56
179,user_179,Operations,Active,4
180,user_180,Finance,Active,35
181,user_181,Security,Pending,7
182,user_182,Finance,Pending,2
183,user_183,Engineering,Active,60
184,user_184,Operations,Inactive,16
185,user_185,Engineering,Inactive,73
186,user_186,Operations,Active,48
187,user_187,Security,Active,28
188,user_188,Finance,Pending,44
189,user_189,Operations,Inactive,7
190,user_190,Engineering,Pending,60
191,user_191,Operations,Active,67
192,user_192,Engineering,Inactive,3
193,user_193,Operations,Pending,20
194,user_194,Operations,Active,82
195,user_195,Security,Pending,7
196,user_196,Security,Inactive,5
197,user_197,Operations,Inactive,44
198,user_198,Finance,Pending,66
199,user_199,Engineering,Pending,17
200,user_200,Security,Inactive,44
201,user_201,Security,Active,80
202,user_202,Engineering,Inactive,19
203,user_203,Operations,Active,24
204,user_204,Operations,Inactive,93
205,user_205,Security,Pending,34
206,user_206,Finance,Active,33
207,user_207,Security,Inactive,1
208,user_208,Finance,Pending,30
209,user_209,Engineering,Pending,19
210,user_210,Finance,Active,30
211,user_211,Finance,Inactive,46
212,user_212,Operations,Inactive,71
213,user_213,Security,Pending,67
214,user_214,Operations,Inactive,11
215,user_215,Security,Pending,72
216,user_216,Security,Pending,19
217,user_217,Finance,Inactive,94
218,user_218,Security,Active,17
219,user_219,Finance,Pending,82
220,user_220,Operations,Pending,50
221,user_221,Engineering,Inactive,52
222,user_222,Finance,Active,14
223,user_223,Engineering,Inactive,11
224,user_224,Engineering,Active,60
225,user_225,Finance,Pending,27
226,user_226,Finance,Active,95
227,user_227,Engineering,Pending,26
228,user_228,Operations,Active,65
229,user_229,Security,Inactive,68
230,user_230,Finance,Pending,78
231,user_231,Engineering,Inactive,77
232,user_232,Security,Active,20
233,user_233,Security,Inactive,81
234,user_234,Engineering,Inactive,96
235,user_235,Engineering,Pending,43
236,user_236,Operations,Inactive,56
237,user_237,Security,Inactive,58
238,user_238,Operations,Active,87
239,user_239,Security,Pending,65
240,user_240,Security,Inactive,25
241,user_241,Operations,Active,86
242,user_242,Finance,Inactive,21
243,user_243,Security,Inactive,74
244,user_244,Engineering,Inactive,97
245,user_245,Finance,Pending,66
246,user_246,Engineering,Active,19
247,user_247,Operations,Pending,66
248,user_248,Finance,Inactive,38
249,user_249,Finance,Inactive,21
250,user_250,Engineering,Pending,79
251,user_251,Operations,Active,98
252,user_252,Engineering,Inactive,65
253,user_253,Engineering,Active,79
254,user_254,Finance,Pending,60
255,user_255,Operations,Pending,38
256,user_256,Engineering,Pending,96
257,user_257,Engineering,Pending,91
258,user_258,Finance,Active,68
259,user_259,Engineering,Active,23
260,user_260,Finance,Active,65
261,user_261,Engineering,Pending,60
262,user_262,Operations,Active,2
263,user_263,Security,Pending,90
264,user_264,Finance,Active,71
265,user_265,Engineering,Pending,29
266,user_266,Finance,Pending,62
267,user_267,Operations,Active,13
268,user_268,Security,Active,43
269,user_269,Security,Inactive,79
270,user_270,Finance,Inactive,31
271,user_271,Security,Pending,89
272,user_272,Finance,Pending,18
273,user_273,Operations,Inactive,71
274,user_274,Operations,Active,39
275,user_275,Security,Pending,29
276,user_276,Finance,Active,82
277,user_277,Security,Active,68
278,user_278,Operations,Active,21
279,user_279,Finance,Inactive,68
280,user_280,Engineering,Inactive,99
281,user_281,Operations,Inactive,91
282,user_282,Operations,Active,68
283,user_283,Security,Active,93
284,user_284,Finance,Inactive,83
285,user_285,Engineering,Inactive,27
286,user_286,Operations,Pending,17
287,user_287,Engineering,Active,80
288,user_288,Security,Inactive,63
289,user_289,Finance,Active,58
290,user_290,Engineering,Inactive,26
291,user_291,Finance,Pending,14
292,user_292,Finance,Active,50
293,user_293,Finance,Pending,41
294,user_294,Engineering,Active,16
295,user_295,Operations,Inactive,67
296,user_296,Security,Inactive,20
297,user_297,Engineering,Active,55
298,user_298,Engineering,Pending,96
299,user_299,Security,Inactive,93
300,user_300,Security,Pending,7
301,user_301,Finance,Active,7
302,user_302,Engineering,Inactive,48
303,user_303,Security,Inactive,66
304,user_304,Finance,Inactive,90
305,user_305,Security,Active,48
306,user_306,Finance,Pending,15
307,user_307,Finance,Inactive,30
308,user_308,Finance,Pending,57
309,user_309,Security,Pending,99
310,user_310,Operations,Active,90
311,user_311,Security,Inactive,65
312,user_312,Operations,Inactive,5
313,user_313,Engineering,Active,17
314,user_314,Engineering,Active,51
315,user_315,Finance,Active,83
316,user_316,Finance,Active,51
317,user_317,Operations,Active,38
318,user_318,Operations,Active,17
319,user_319,Engineering,Pending,62
320,user_320,Engineering,Pending,57
321,user_321,Engineering,Inactive,78
322,user_322,Security,Active,69
323,user_323,Operations,Active,6
324,user_324,Finance,Inactive,71
325,user_325,Finance,Active,22
326,user_326,Security,Inactive,14
327,user_327,Engineering,Active,64
328,user_328,Finance,Pending,41
329,user_329,Operations,Pending,10
330,user_330,Security,Pending,20
331,user_331,Operations,Pending,36
332,user_332,Operations,Pending,61
333,user_333,Security,Pending,31
334,user_334,Engineering,Active,88
335,user_335,Security,Inactive,55
336,user_336,Operations,Pending,23
337,user_337,Security,Active,5
338,user_338,Finance,Active,88
339,user_339,Engineering,Pending,39
340,user_340,Engineering,Pending,67
341,user_341,Security,Pending,83
342,user_342,Engineering,Inactive,46
343,user_343,Finance,Active,60
344,user_344,Security,Pending,9
345,user_345,Security,Pending,48
346,user_346,Operations,Active,58
347,user_347,Operations,Active,55
348,user_348,Engineering,Pending,15
349,user_349,Engineering,Inactive,56
350,user_350,Engineering,Inactive,88
351,user_351,Finance,Pending,17
352,user_352,Engineering,Pending,69
353,user_353,Security,Inactive,43
354,user_354,Operations,Active,78
355,user_355,Engineering,Pending,86
356,user_356,Engineering,Inactive,63
357,user_357,Engineering,Inactive,22
358,user_358,Finance,Active,91
359,user_359,Engineering,Active,83
360,user_360,Security,Active,74
361,user_361,Engineering,Active,40
362,user_362,Security,Inactive,33
363,user_363,Engineering,Active,31
364,user_364,Finance,Active,17
365,user_365,Security,Pending,93
366,user_366,Finance,Inactive,99
367,user_367,Finance,Pending,27
368,user_368,Operations,Inactive,65
369,user_369,Finance,Active,9
370,user_370,Finance,Pending,62
371,user_371,Engineering,Inactive,20
372,user_372,Operations,Active,95
373,user_373,Security,Pending,10
374,user_374,Finance,Active,2
375,user_375,Operations,Pending,93
376,user_376,Operations,Inactive,100
377,user_377,Engineering,Active,95
378,user_378,Engineering,Inactive,10
379,user_379,Security,Pending,94
380,user_380,Security,Active,59
381,user_381,Operations,Inactive,33
382,user_382,Finance,Active,6
383,user_383,Finance,Active,75
384,user_384,Security,Inactive,45
385,user_385,Operations,Active,47
386,user_386,Security,Inactive,54
387,user_387,Operations,Pending,32
388,user_388,Finance,Inactive,44
389,user_389,Engineering,Active,97
390,user_390,Finance,Pending,77
391,user_391,Engineering,Pending,49
392,user_392,Operations,Pending,89
393,user_393,Security,Active,46
394,user_394,Engineering,Active,41
395,user_395,Security,Active,84
396,user_396,Finance,Inactive,14
397,user_397,Security,Active,81
398,user_398,Finance,Inactive,83
399,user_399,Operations,Pending,62
400,user_400,Finance,Active,4
401,user_401,Engineering,Active,22
402,user_402,Engineering,Pending,98
403,user_403,Finance,Pending,78
404,user_404,Operations,Pending,55
405,user_405,Engineering,Inactive,56
406,user_406,Engineering,Pending,38
407,user_407,Engineering,Inactive,1
408,user_408,Operations,Inactive,36
409,user_409,Finance,Pending,57
410,user_410,Operations,Pending,50
411,user_411,Finance,Active,1
412,user_412,Finance,Active,38
413,user_413,Operations,Pending,74
414,user_414,Finance,Pending,93
415,user_415,Operations,Inactive,95
416,user_416,Finance,Inactive,73
417,user_417,Finance,Pending,19
418,user_418,Finance,Active,97
419,user_419,Engineering,Active,35
420,user_420,Finance,Inactive,71
421,user_421,Operations,Pending,81
422,user_422,Engineering,Active,78
423,user_423,Finance,Inactive,67
424,user_424,Engineering,Inactive,0
425,user_425,Operations,Inactive,20
426,user_426,Engineering,Pending,47
427,user_427,Engineering,Active,85
428,user_428,Finance,Pending,92
429,user_429,Operations,Pending,29
430,user_430,Security,Pending,72
431,user_431,Finance,Pending,85
432,user_432,Security,Active,88
433,user_433,Security,Inactive,49
434,user_434,Operations,Pending,9
435,user_435,Engineering,Active,64
436,user_436,Finance,Pending,72
437,user_437,Operations,Active,41
438,user_438,Finance,Active,90
439,user_439,Finance,Active,10
440,user_440,Finance,Inactive,99
441,user_441,Operations,Inactive,98
442,user_442,Operations,Inactive,56
443,user_443,Security,Pending,84
444,user_444,Finance,Inactive,24
445,user_445,Security,Pending,11
446,user_446,Operations,Pending,94
447,user_447,Engineering,Active,90
448,user_448,Operations,Inactive,41
449,user_449,Security,Inactive,59
450,user_450,Security,Active,90
451,user_451,Operations,Active,43
452,user_452,Security,Pending,22
453,user_453,Finance,Pending,11
454,user_454,Security,Active,98
455,user_455,Security,Pending,79
456,user_456,Finance,Active,47
457,user_457,Operations,Pending,17
458,user_458,Operations,Inactive,38
459,user_459,Engineering,Inactive,17
460,user_460,Operations,Pending,75
461,user_461,Security,Inactive,26
462,user_462,Operations,Active,78
463,user_463,Finance,Inactive,59
464,user_464,Finance,Inactive,60
465,user_465,Security,Pending,0
466,user_466,Finance,Inactive,81
467,user_467,Operations,Inactive,13
468,user_468,Finance,Pending,71
469,user_469,Engineering,Pending,55
470,user_470,Engineering,Pending,78
471,user_471,Security,Pending,87
472,user_472,Engineering,Active,34
473,user_473,Finance,Inactive,42
474,user_474,Security,Pending,36
475,user_475,Finance,Active,13
476,user_476,Security,Pending,88
477,user_477,Finance,Inactive,12
478,user_478,Engineering,Inactive,40
479,user_479,Operations,Inactive,49
480,user_480,Finance,Pending,72
481,user_481,Engineering,Pending,14
482,user_482,Operations,Inactive,73
483,user_483,Engineering,Inactive,32
484,user_484,Security,Active,12
485,user_485,Finance,Active,9
486,user_486,Engineering,Inactive,18
487,user_487,Finance,Active,87
488,user_488,Finance,Pending,19
489,user_489,Security,Pending,50
490,user_490,Security,Pending,20
491,user_491,Operations,Inactive,32
492,user_492,Engineering,Inactive,87
493,user_493,Security,Active,3
494,user_494,Engineering,Pending,6
495,user_495,Finance,Active,9
496,user_496,Security,Active,37
497,user_497,Engineering,Inactive,18
498,user_498,Engineering,Active,70
499,user_499,Finance,Inactive,97
500,user_500,Operations,Pending,25
501,user_501,Engineering,Active,13
502,user_502,Security,Pending,84
503,user_503,Engineering,Inactive,27
504,user_504,Finance,Pending,33
505,user_505,Engineering,Active,57
506,user_506,Security,Inactive,75
507,user_507,Operations,Pending,15
508,user_508,Operations,Active,80
509,user_509,Engineering,Active,68
510,user_510,Finance,Pending,4
511,user_511,Finance,Inactive,6
512,user_512,Operations,Pending,35
513,user_513,Operations,Pending,36
514,user_514,Engineering,Pending,27
515,user_515,Finance,Inactive,21
516,user_516,Engineering,Active,50
517,user_517,Engineering,Pending,88
518,user_518,Security,Inactive,48
519,user_519,Engineering,Pending,36
520,user_520,Finance,Inactive,11
521,user_521,Security,Pending,52
522,user_522,Security,Pending,13
523,user_523,Operations,Active,65
524,user_524,Engineering,Pending,26
525,user_525,Security,Pending,24
526,user_526,Security,Active,32
527,user_527,Engineering,Inactive,38
528,user_528,Finance,Inactive,87
529,user_529,Engineering,Inactive,10
530,user_530,Engineering,Pending,0
531,user_531,Operations,Pending,31
532,user_532,Operations,Pending,93
533,user_533,Operations,Pending,17
534,user_534,Engineering,Inactive,8
535,user_535,Security,Inactive,32
536,user_536,Engineering,Inactive,96
537,user_537,Operations,Pending,23
538,user_538,Finance,Active,95
539,user_539,Finance,Inactive,58
540,user_540,Security,Pending,58
541,user_541,Operations,Inactive,79
542,user_542,Security,Pending,95
543,user_543,Security,Active,25
544,user_544,Finance,Pending,93
545,user_545,Security,Inactive,14
546,user_546,Engineering,Inactive,25
547,user_547,Engineering,Inactive,36
548,user_548,Operations,Inactive,89
549,user_549,Engineering,Active,72
550,user_550,Operations,Active,10
551,user_551,Engineering,Inactive,34
552,user_552,Finance,Active,39
553,user_553,Finance,Active,46
554,user_554,Security,Pending,95
555,user_555,Security,Pending,59
556,user_556,Finance,Inactive,50
557,user_557,Operations,Active,72
558,user_558,Operations,Active,58
559,user_559,Security,Active,47
560,user_560,Finance,Active,100
561,user_561,Engineering,Active,6
562,user_562,Operations,Active,1
563,user_563,Security,Active,63
564,user_564,Finance,Active,57
565,user_565,Finance,Inactive,74
566,user_566,Operations,Active,94
567,user_567,Security,Pending,16
568,user_568,Finance,Pending,49
569,user_569,Engineering,Active,95
570,user_570,Security,Active,86
571,user_571,Operations,Active,18
572,user_572,Engineering,Active,96
573,user_573,Finance,Active,33
574,user_574,Security,Pending,53
575,user_575,Engineering,Active,14
576,user_576,Security,Pending,79
577,user_577,Security,Inactive,51
578,user_578,Engineering,Active,34
579,user_579,Security,Active,5
580,user_580,Operations,Inactive,66
581,user_581,Operations,Active,46
582,user_582,Security,Active,48
583,user_583,Finance,Inactive,63
584,user_584,Engineering,Inactive,35
585,user_585,Security,Pending,13
586,user_586,Security,Pending,3
587,user_587,Engineering,Active,60
588,user_588,Finance,Active,45
589,user_589,Finance,Inactive,92
590,user_590,Operations,Pending,92
591,user_591,Security,Active,93
592,user_592,Finance,Active,69
593,user_593,Finance,Pending,20
594,user_594,Security,Active,62
595,user_595,Operations,Inactive,100
596,user_596,Finance,Inactive,3
597,user_597,Operations,Active,48
598,user_598,Engineering,Active,27
599,user_599,Operations,Pending,50
600,user_600,Finance,Inactive,94
601,user_601,Finance,Inactive,85
602,user_602,Operations,Inactive,44
603,user_603,Security,Pending,93
604,user_604,Engineering,Inactive,76
605,user_605,Finance,Pending,49
606,user_606,Engineering,Inactive,68
607,user_607,Operations,Inactive,67
608,user_608,Finance,Inactive,91
609,user_609,Operations,Active,2
610,user_610,Finance,Pending,5
611,user_611,Engineering,Pending,70
612,user_612,Security,Pending,48
613,user_613,Engineering,Inactive,35
614,user_614,Security,Pending,96
615,user_615,Engineering,Pending,26
616,user_616,Finance,Active,94
617,user_617,Security,Inactive,78
618,user_618,Security,Inactive,77
619,user_619,Operations,Inactive,53
620,user_620,Engineering,Pending,46
621,user_621,Finance,Inactive,98
622,user_622,Engineering,Pending,7
623,user_623,Engineering,Active,3
624,user_624,Operations,Pending,29
625,user_625,Operations,Inactive,96
626,user_626,Operations,Active,41
627,user_627,Finance,Active,14
628,user_628,Security,Inactive,6
629,user_629,Security,Pending,88
630,user_630,Finance,Pending,15
631,user_631,Engineering,Pending,32
632,user_632,Finance,Inactive,70
633,user_633,Finance,Pending,74
634,user_634,Security,Inactive,55
635,user_635,Finance,Active,94
636,user_636,Security,Inactive,17
637,user_637,Security,Inactive,88
638,user_638,Security,Active,24
639,user_639,Finance,Pending,47
640,user_640,Security,Inactive,11
641,user_641,Finance,Pending,96
642,user_642,Security,Pending,14
643,user_643,Security,Pending,9
644,user_644,Operations,Pending,38
645,user_645,Operations,Inactive,7
646,user_646,Engineering,Inactive,81
647,user_647,Engineering,Inactive,59
648,user_648,Security,Inactive,29
649,user_649,Engineering,Active,74
650,user_650,Finance,Active,64
651,user_651,Security,Active,83
652,user_652,Security,Pending,90
653,user_653,Finance,Pending,99
654,user_654,Operations,Pending,1
655,user_655,Engineering,Active,92
656,user_656,Finance,Pending,33
657,user_657,Operations,Active,6
658,user_658,Engineering,Pending,15
659,user_659,Security,Pending,73
660,user_660,Security,Inactive,71
661,user_661,Engineering,Inactive,52
662,user_662,Engineering,Pending,16
663,user_663,Finance,Inactive,37
664,user_664,Engineering,Inactive,28
665,user_665,Security,Inactive,69
666,user_666,Finance,Active,2
667,user_667,Engineering,Pending,78
668,user_668,Security,Inactive,80
669,user_669,Operations,Active,32
670,user_670,Security,Pending,30
671,user_671,Finance,Inactive,10
672,user_672,Engineering,Pending,21
673,user_673,Finance,Active,58
674,user_674,Operations,Pending,45
675,user_675,Finance,Inactive,79
676,user_676,Operations,Inactive,4
677,user_677,Operations,Inactive,4
678,user_678,Security,Active,78
679,user_679,Finance,Active,35
680,user_680,Security,Active,17
681,user_681,Finance,Pending,38
682,user_682,Security,Active,62
683,user_683,Security,Pending,31
684,user_684,Finance,Pending,40
685,user_685,Engineering,Inactive,64
686,user_686,Operations,Pending,69
687,user_687,Operations,Pending,77
688,user_688,Finance,Inactive,4
689,user_689,Security,Pending,99
690,user_690,Operations,Inactive,47
691,user_691,Engineering,Pending,50
692,user_692,Security,Inactive,28
693,user_693,Operations,Pending,59
694,user_694,Security,Pending,89
695,user_695,Security,Active,59
696,user_696,Finance,Inactive,12
697,user_697,Engineering,Inactive,55
698,user_698,Security,Active,91
699,user_699,Finance,Pending,52
700,user_700,Finance,Pending,35
701,user_701,Security,Inactive,7
702,user_702,Security,Pending,99
703,user_703,Finance,Inactive,19
704,user_704,Operations,Active,38
705,user_705,Engineering,Pending,42
706,user_706,Operations,Pending,7
707,user_707,Operations,Active,97
708,user_708,Engineering,Active,79
709,user_709,Operations,Active,94
710,user_710,Engineering,Active,74
711,user_711,Engineering,Pending,72
712,user_712,Engineering,Active,52
713,user_713,Security,Inactive,87
714,user_714,Finance,Pending,18
715,user_715,Security,Inactive,61
716,user_716,Engineering,Active,79
717,user_717,Finance,Active,59
718,user_718,Finance,Inactive,66
719,user_719,Engineering,Active,45
720,user_720,Security,Inactive,34
721,user_721,Engineering,Pending,31
722,user_722,Engineering,Pending,92
723,user_723,Finance,Pending,96
724,user_724,Engineering,Inactive,62
725,user_725,Operations,Inactive,77
726,user_726,Finance,Active,10
727,user_727,Finance,Active,90
728,user_728,Engineering,Active,48
729,user_729,Finance,Inactive,52
730,user_730,Security,Pending,26
731,user_731,Finance,Inactive,54
732,user_732,Finance,Active,18
733,user_733,Security,Inactive,57
734,user_734,Operations,Inactive,14
735,user_735,Finance,Pending,83
736,user_736,Engineering,Inactive,17
737,user_737,Operations,Inactive,70
738,user_738,Engineering,Inactive,54
739,user_739,Engineering,Inactive,21
740,user_740,Security,Active,29
741,user_741,Security,Inactive,56
742,user_742,Operations,Pending,42
743,user_743,Engineering,Inactive,28
744,user_744,Operations,Inactive,89
745,user_745,Engineering,Pending,29
746,user_746,Engineering,Inactive,7
747,user_747,Operations,Active,99
748,user_748,Security,Inactive,4
749,user_749,Finance,Inactive,11
750,user_750,Finance,Inactive,73
751,user_751,Operations,Active,68
752,user_752,Finance,Active,13
753,user_753,Operations,Inactive,57
754,user_754,Finance,Active,0
755,user_755,Finance,Pending,100
756,user_756,Finance,Inactive,83
757,user_757,Security,Pending,16
758,user_758,Finance,Pending,27
759,user_759,Operations,Pending,69
760,user_760,Security,Active,22
761,user_761,Security,Active,24
762,user_762,Finance,Active,90
763,user_763,Engineering,Pending,99
764,user_764,Finance,Inactive,64
765,user_765,Operations,Active,87
766,user_766,Finance,Inactive,31
767,user_767,Security,Pending,11
768,user_768,Engineering,Active,10
769,user_769,Engineering,Inactive,76
770,user_770,Finance,Pending,75
771,user_771,Operations,Inactive,53
772,user_772,Engineering,Pending,6
773,user_773,Security,Inactive,84
774,user_774,Security,Active,58
775,user_775,Security,Pending,43
776,user_776,Finance,Pending,62
777,user_777,Operations,Inactive,62
778,user_778,Engineering,Active,51
779,user_779,Finance,Active,58
780,user_780,Security,Pending,27
781,user_781,Operations,Inactive,93
782,user_782,Operations,Inactive,95
783,user_783,Operations,Pending,68
784,user_784,Engineering,Pending,75
785,user_785,Engineering,Pending,32
786,user_786,Engineering,Inactive,50
787,user_787,Security,Pending,4
788,user_788,Finance,Inactive,100
789,user_789,Operations,Pending,70
790,user_790,Finance,Active,10
791,user_791,Security,Pending,43
792,user_792,Operations,Inactive,67
793,user_793,Operations,Active,13
794,user_794,Finance,Pending,13
795,user_795,Operations,Inactive,64
796,user_796,Operations,Inactive,32
797,user_797,Finance,Pending,17
798,user_798,Operations,Inactive,42
799,user_799,Engineering,Pending,13
800,user_800,Engineering,Active,97
801,user_801,Operations,Pending,95
802,user_802,Operations,Active,59
803,user_803,Security,Active,93
804,user_804,Engineering,Active,63
805,user_805,Operations,Inactive,79
806,user_806,Engineering,Inactive,61
807,user_807,Security,Active,88
808,user_808,Security,Inactive,100
809,user_809,Operations,Active,16
810,user_810,Operations,Pending,77
811,user_811,Operations,Active,26
812,user_812,Security,Inactive,55
813,user_813,Security,Pending,10
814,user_814,Engineering,Active,66
815,user_815,Finance,Pending,88
816,user_816,Security,Pending,40
817,user_817,Finance,Pending,33
818,user_818,Operations,Inactive,8
819,user_819,Engineering,Active,6
820,user_820,Security,Inactive,40
821,user_821,Operations,Active,64
822,user_822,Engineering,Inactive,42
823,user_823,Finance,Active,86
824,user_824,Security,Pending,69
825,user_825,Operations,Inactive,56
826,user_826,Finance,Inactive,25
827,user_827,Operations,Pending,78
828,user_828,Engineering,Pending,86
829,user_829,Operations,Active,21
830,user_830,Engineering,Inactive,30
831,user_831,Engineering,Active,7
832,user_832,Engineering,Active,95
833,user_833,Security,Active,19
834,user_834,Engineering,Inactive,84
835,user_835,Security,Inactive,72
836,user_836,Finance,Pending,48
837,user_837,Engineering,Pending,52
838,user_838,Finance,Inactive,47
839,user_839,Operations,Inactive,77
840,user_840,Finance,Inactive,56
841,user_841,Operations,Active,90
842,user_842,Security,Pending,67
843,user_843,Operations,Inactive,19
844,user_844,Finance,Pending,24
845,user_845,Engineering,Active,68
846,user_846,Engineering,Pending,21
847,user_847,Engineering,Pending,99
848,user_848,Security,Pending,69
849,user_849,Security,Inactive,78
850,user_850,Operations,Inactive,80
851,user_851,Finance,Pending,66
852,user_852,Security,Inactive,31
853,user_853,Operations,Inactive,70
854,user_854,Operations,Active,41
855,user_855,Engineering,Inactive,37
856,user_856,Security,Pending,95
857,user_857,Security,Inactive,81
858,user_858,Security,Pending,91
859,user_859,Engineering,Pending,32
860,user_860,Engineering,Inactive,62
861,user_861,Security,Inactive,96
862,user_862,Finance,Pending,3
863,user_863,Finance,Inactive,74
864,user_864,Engineering,Active,81
865,user_865,Finance,Pending,75
866,user_866,Finance,Inactive,54
867,user_867,Operations,Active,28
868,user_868,Operations,Inactive,13
869,user_869,Engineering,Pending,69
870,user_870,Engineering,Inactive,38
871,user_871,Finance,Inactive,40
872,user_872,Engineering,Inactive,89
873,user_873,Finance,Active,47
874,user_874,Operations,Active,36
875,user_875,Engineering,Inactive,91
876,user_876,Finance,Active,52
877,user_877,Security,Inactive,84
878,user_878,Operations,Inactive,74
879,user_879,Engineering,Inactive,96
880,user_880,Engineering,Pending,57
881,user_881,Security,Active,18
882,user_882,Engineering,Active,15
883,user_883,Finance,Pending,47
884,user_884,Security,Active,57
885,user_885,Security,Inactive,91
886,user_886,Operations,Pending,60
887,user_887,Engineering,Pending,16
888,user_888,Engineering,Inactive,58
889,user_889,Security,Active,51
890,user_890,Engineering,Inactive,12
891,user_891,Security,Active,14
892,user_892,Finance,Pending,76
893,user_893,Finance,Active,74
894,user_894,Security,Active,18
895,user_895,Operations,Active,31
896,user_896,Security,Pending,41
897,user_897,Security,Pending,75
898,user_898,Operations,Active,11
899,user_899,Security,Inactive,99
900,user_900,Security,Inactive,51
901,user_901,Security,Active,9
902,user_902,Security,Pending,25
903,user_903,Engineering,Pending,14
904,user_904,Security,Inactive,74
905,user_905,Security,Inactive,91
906,user_906,Finance,Active,43
907,user_907,Finance,Inactive,51
908,user_908,Finance,Inactive,15
909,user_909,Operations,Pending,15
910,user_910,Engineering,Active,96
911,user_911,Security,Inactive,2
912,user_912,Engineering,Pending,69
913,user_913,Engineering,Pending,60
914,user_914,Engineering,Inactive,32
915,user_915,Security,Active,43
916,user_916,Engineering,Pending,96
917,user_917,Engineering,Inactive,37
918,user_918,Engineering,Inactive,73
919,user_919,Security,Pending,98
920,user_920,Finance,Active,51
921,user_921,Engineering,Pending,87
922,user_922,Operations,Pending,6
923,user_923,Finance,Active,43
924,user_924,Finance,Pending,17
925,user_925,Operations,Inactive,17
926,user_926,Engineering,Inactive,33
927,user_927,Security,Active,14
928,user_928,Finance,Pending,71
929,user_929,Security,Active,25
930,user_930,Finance,Pending,1
931,user_931,Finance,Inactive,62
932,user_932,Security,Inactive,32
933,user_933,Security,Active,45
934,user_934,Operations,Active,100
935,user_935,Security,Pending,29
936,user_936,Engineering,Inactive,60
937,user_937,Engineering,Pending,61
938,user_938,Finance,Inactive,93
939,user_939,Operations,Inactive,0
940,user_940,Security,Inactive,71
941,user_941,Finance,Inactive,9
942,user_942,Operations,Pending,59
943,user_943,Security,Inactive,53
944,user_944,Security,Pending,48
945,user_945,Engineering,Inactive,91
946,user_946,Finance,Inactive,25
947,user_947,Operations,Inactive,9
948,user_948,Finance,Pending,87
949,user_949,Security,Active,3
950,user_950,Operations,Active,2
951,user_951,Security,Inactive,72
952,user_952,Finance,Inactive,14
953,user_953,Security,Pending,37
954,user_954,Engineering,Inactive,84
955,user_955,Operations,Inactive,67
956,user_956,Finance,Pending,47
957,user_957,Finance,Active,1
958,user_958,Security,Pending,83
959,user_959,Engineering,Active,74
960,user_960,Security,Active,43
961,user_961,Finance,Pending,42
962,user_962,Engineering,Active,92
963,user_963,Finance,Pending,82
964,user_964,Engineering,Active,56
965,user_965,Security,Active,79
966,user_966,Engineering,Inactive,58
967,user_967,Engineering,Active,7
968,user_968,Engineering,Active,59
969,user_969,Operations,Pending,0
970,user_970,Engineering,Pending,95
971,user_971,Security,Active,9
972,user_972,Operations,Inactive,71
973,user_973,Engineering,Inactive,85
974,user_974,Security,Inactive,24
975,user_975,Engineering,Pending,2
976,user_976,Finance,Active,56
977,user_977,Finance,Inactive,44
978,user_978,Engineering,Active,39
979,user_979,Engineering,Pending,7
980,user_980,Finance,Inactive,68
981,user_981,Finance,Active,40
982,user_982,Engineering,Active,32
983,user_983,Security,Inactive,80
984,user_984,Operations,Active,58
985,user_985,Security,Pending,78
986,user_986,Finance,Inactive,84
987,user_987,Operations,Inactive,38
988,user_988,Security,Active,47
989,user_989,Finance,Active,42
990,user_990,Operations,Inactive,68
991,user_991,Security,Active,76
992,user_992,Security,Pending,42
993,user_993,Finance,Pending,13
994,user_994,Engineering,Active,19
995,user_995,Operations,Active,15
996,user_996,Security,Active,58
997,user_997,Engineering,Pending,98
998,user_998,Engineering,Pending,39
999,user_999,Finance,Active,30
1000,user_1000,Engineering,Pending,93
1001,user_1001,Finance,Active,18
1002,user_1002,Finance,Inactive,70
1003,user_1003,Finance,Pending,1
1004,user_1004,Finance,Active,47
1005,user_1005,Finance,Inactive,90
1006,user_1006,Engineering,Inactive,48
1007,user_1007,Finance,Pending,83
1008,user_1008,Finance,Inactive,11
1009,user_1009,Security,Pending,3
1010,user_1010,Operations,Active,15
1011,user_1011,Finance,Pending,32
1012,user_1012,Finance,Active,50
1013,user_1013,Engineering,Inactive,71
1014,user_1014,Security,Inactive,99
1015,user_1015,Security,Active,41
1016,user_1016,Operations,Inactive,6
1017,user_1017,Security,Inactive,85
1018,user_1018,Engineering,Inactive,30
1019,user_1019,Finance,Pending,62
1020,user_1020,Finance,Active,10
1021,user_1021,Engineering,Inactive,31
1022,user_1022,Finance,Active,41
1023,user_1023,Engineering,Pending,92
1024,user_1024,Finance,Pending,91
1025,user_1025,Finance,Active,99
1026,user_1026,Operations,Active,60
1027,user_1027,Finance,Pending,1
1028,user_1028,Operations,Inactive,66
1029,user_1029,Operations,Inactive,26
1030,user_1030,Engineering,Inactive,23
1031,user_1031,Finance,Active,27
1032,user_1032,Security,Inactive,92
1033,user_1033,Security,Inactive,20
1034,user_1034,Finance,Active,68
1035,user_1035,Finance,Active,41
1036,user_1036,Engineering,Inactive,49
1037,user_1037,Operations,Pending,31
1038,user_1038,Engineering,Pending,84
1039,user_1039,Engineering,Active,89
1040,user_1040,Finance,Pending,12
1041,user_1041,Engineering,Inactive,52
1042,user_1042,Engineering,Active,65
1043,user_1043,Security,Inactive,13
1044,user_1044,Engineering,Inactive,17
1045,user_1045,Operations,Pending,56
1046,user_1046,Finance,Pending,45
1047,user_1047,Finance,Inactive,75
1048,user_1048,Engineering,Inactive,29
1049,user_1049,Security,Active,74
1050,user_1050,Finance,Pending,14
1051,user_1051,Finance,Active,58
1052,user_1052,Engineering,Inactive,36
1053,user_1053,Engineering,Pending,100
1054,user_1054,Operations,Inactive,57
1055,user_1055,Finance,Pending,34
1056,user_1056,Engineering,Active,98
1057,user_1057,Finance,Active,99
1058,user_1058,Operations,Active,99
1059,user_1059,Finance,Active,63
1060,user_1060,Finance,Inactive,12
1061,user_1061,Engineering,Pending,31
1062,user_1062,Finance,Pending,45
1063,user_1063,Operations,Pending,29
1064,user_1064,Operations,Inactive,50
1065,user_1065,Operations,Inactive,92
1066,user_1066,Engineering,Active,93
1067,user_1067,Finance,Pending,30
1068,user_1068,Finance,Active,8
1069,user_1069,Security,Inactive,62
1070,user_1070,Operations,Active,96
1071,user_1071,Security,Active,9
1072,user_1072,Finance,Active,68
1073,user_1073,Security,Inactive,24
1074,user_1074,Operations,Active,81
1075,user_1075,Security,Inactive,33
1076,user_1076,Operations,Inactive,84
1077,user_1077,Operations,Inactive,86
1078,user_1078,Engineering,Pending,87
1079,user_1079,Finance,Pending,93
1080,user_1080,Operations,Pending,38
1081,user_1081,Operations,Active,30
1082,user_1082,Operations,Pending,79
1083,user_1083,Engineering,Pending,20
1084,user_1084,Operations,Inactive,77
1085,user_1085,Finance,Active,19
1086,user_1086,Security,Inactive,71
1087,user_1087,Operations,Inactive,85
1088,user_1088,Security,Active,46
1089,user_1089,Engineering,Active,58
1090,user_1090,Finance,Pending,65
1091,user_1091,Finance,Pending,20
1092,user_1092,Security,Active,56
1093,user_1093,Operations,Pending,68
1094,user_1094,Security,Inactive,26
1095,user_1095,Engineering,Inactive,15
1096,user_1096,Operations,Pending,45
1097,user_1097,Security,Active,91
1098,user_1098,Engineering,Active,41
1099,user_1099,Operations,Active,58
1100,user_1100,Finance,Pending,12
1101,user_1101,Operations,Pending,92
1102,user_1102,Security,Pending,64
1103,user_1103,Security,Active,52
1104,user_1104,Security,Pending,47
1105,user_1105,Engineering,Pending,42
1106,user_1106,Finance,Active,20
1107,user_1107,Engineering,Inactive,33
1108,user_1108,Finance,Inactive,6
1109,user_1109,Security,Inactive,87
1110,user_1110,Finance,Pending,40
1111,user_1111,Operations,Active,16
1112,user_1112,Security,Inactive,98
1113,user_1113,Finance,Inactive,33
1114,user_1114,Finance,Pending,62
1115,user_1115,Finance,Inactive,31
1116,user_1116,Finance,Pending,44
1117,user_1117,Engineering,Inactive,2
1118,user_1118,Operations,Active,79
1119,user_1119,Engineering,Active,61
1120,user_1120,Operations,Pending,73
1121,user_1121,Engineering,Active,98
1122,user_1122,Operations,Inactive,30
1123,user_1123,Finance,Pending,62
1124,user_1124,Security,Inactive,67
1125,user_1125,Engineering,Inactive,84
1126,user_1126,Operations,Inactive,67
1127,user_1127,Finance,Pending,28
1128,user_1128,Finance,Inactive,96
1129,user_1129,Engineering,Active,53
1130,user_1130,Finance,Inactive,48
1131,user_1131,Operations,Inactive,63
1132,user_1132,Operations,Active,75
1133,user_1133,Operations,Active,45
1134,user_1134,Security,Inactive,75
1135,user_1135,Finance,Active,52
1136,user_1136,Operations,Inactive,11
1137,user_1137,Operations,Active,55
1138,user_1138,Finance,Pending,88
1139,user_1139,Finance,Pending,66
1140,user_1140,Finance,Inactive,83
1141,user_1141,Operations,Pending,86
1142,user_1142,Engineering,Active,56
1143,user_1143,Engineering,Inactive,13
1144,user_1144,Finance,Active,98
1145,user_1145,Engineering,Inactive,86
1146,user_1146,Operations,Active,79
1147,user_1147,Engineering,Pending,64
1148,user_1148,Operations,Active,52
1149,user_1149,Operations,Active,44
1150,user_1150,Engineering,Inactive,57
1151,user_1151,Security,Inactive,52
1152,user_1152,Finance,Pending,19
1153,user_1153,Finance,Pending,79
1154,user_1154,Operations,Inactive,20
1155,user_1155,Security,Active,8
1156,user_1156,Finance,Pending,45
1157,user_1157,Security,Pending,91
1158,user_1158,Engineering,Pending,0
1159,user_1159,Finance,Pending,86
1160,user_1160,Security,Pending,69
1161,user_1161,Engineering,Pending,76
1162,user_1162,Engineering,Active,68
1163,user_1163,Operations,Inactive,34
1164,user_1164,Security,Pending,98
1165,user_1165,Finance,Active,24
1166,user_1166,Security,Pending,49
1167,user_1167,Security,Active,31
1168,user_1168,Security,Pending,90
1169,user_1169,Engineering,Pending,58
1170,user_1170,Engineering,Inactive,85
1171,user_1171,Security,Pending,67
1172,user_1172,Finance,Pending,23
1173,user_1173,Operations,Inactive,86
1174,user_1174,Security,Active,51
1175,user_1175,Security,Inactive,9
1176,user_1176,Operations,Inactive,43
1177,user_1177,Finance,Pending,21
1178,user_1178,Security,Pending,4
1179,user_1179,Finance,Active,63
1180,user_1180,Security,Inactive,60
1181,user_1181,Security,Pending,15
1182,user_1182,Security,Pending,3
1183,user_1183,Finance,Active,66
1184,user_1184,Security,Inactive,39
1185,user_1185,Security,Active,38
1186,user_1186,Finance,Inactive,16
1187,user_1187,Operations,Inactive,52
1188,user_1188,Finance,Inactive,84
1189,user_1189,Engineering,Inactive,41
1190,user_1190,Engineering,Pending,31
1191,user_1191,Operations,Pending,64
1192,user_1192,Finance,Active,59
1193,user_1193,Finance,Pending,78
1194,user_1194,Operations,Pending,79
1195,user_1195,Finance,Inactive,81
1196,user_1196,Operations,Pending,35
1197,user_1197,Operations,Inactive,68
1198,user_1198,Security,Pending,97
1199,user_1199,Engineering,Active,32
1200,user_1200,Finance,Inactive,82
1201,user_1201,Operations,Active,10
1202,user_1202,Finance,Active,66
1203,user_1203,Finance,Active,81
1204,user_1204,Security,Active,54
1205,user_1205,Engineering,Pending,8
1206,user_1206,Operations,Pending,90
1207,user_1207,Security,Pending,100
1208,user_1208,Operations,Inactive,82
1209,user_1209,Security,Pending,92
1210,user_1210,Engineering,Pending,83
1211,user_1211,Engineering,Pending,79
1212,user_1212,Finance,Pending,74
1213,user_1213,Engineering,Pending,84
1214,user_1214,Security,Inactive,72
1215,user_1215,Operations,Inactive,23
1216,user_1216,Finance,Active,34
1217,user_1217,Operations,Pending,91
1218,user_1218,Security,Pending,86
1219,user_1219,Operations,Pending,10
1220,user_1220,Finance,Inactive,24
1221,user_1221,Security,Pending,59
1222,user_1222,Engineering,Active,18
1223,user_1223,Security,Inactive,2
1224,user_1224,Engineering,Pending,16
1225,user_1225,Security,Pending,54
1226,user_1226,Engineering,Pending,30
1227,user_1227,Engineering,Pending,56
1228,user_1228,Finance,Inactive,21
1229,user_1229,Engineering,Pending,46
1230,user_1230,Engineering,Active,91
1231,user_1231,Finance,Inactive,25
1232,user_1232,Finance,Inactive,4
1233,user_1233,Security,Pending,17
1234,user_1234,Engineering,Inactive,50
1235,user_1235,Operations,Active,7
1236,user_1236,Security,Inactive,99
1237,user_1237,Engineering,Pending,4
1238,user_1238,Engineering,Pending,18
1239,user_1239,Engineering,Active,78
1240,user_1240,Security,Inactive,46
1241,user_1241,Finance,Pending,32
1242,user_1242,Security,Active,93
1243,user_1243,Security,Pending,16
1244,user_1244,Security,Pending,51
1245,user_1245,Engineering,Active,27
1246,user_1246,Operations,Active,80
1247,user_1247,Engineering,Inactive,39
1248,user_1248,Operations,Active,87
1249,user_1249,Operations,Inactive,3
1250,user_1250,Engineering,Inactive,29
1251,user_1251,Engineering,Active,53
1252,user_1252,Engineering,Inactive,10
1253,user_1253,Finance,Active,61
1254,user_1254,Security,Pending,93
1255,user_1255,Operations,Active,80
1256,user_1256,Security,Inactive,96
1257,user_1257,Security,Pending,53
1258,user_1258,Finance,Active,57
1259,user_1259,Engineering,Active,66
1260,user_1260,Operations,Active,57
1261,user_1261,Finance,Pending,11
1262,user_1262,Engineering,Active,31
1263,user_1263,Operations,Active,58
1264,user_1264,Engineering,Pending,22
1265,user_1265,Operations,Inactive,59
1266,user_1266,Finance,Inactive,39
1267,user_1267,Engineering,Pending,97
1268,user_1268,Finance,Pending,89
1269,user_1269,Operations,Pending,5
1270,user_1270,Security,Inactive,84
1271,user_1271,Engineering,Pending,42
1272,user_1272,Finance,Active,72
1273,user_1273,Finance,Active,45
1274,user_1274,Finance,Active,85
1275,user_1275,Engineering,Inactive,81
1276,user_1276,Operations,Inactive,49
1277,user_1277,Operations,Active,36
1278,user_1278,Finance,Active,72
1279,user_1279,Security,Inactive,82
1280,user_1280,Engineering,Inactive,42
1281,user_1281,Engineering,Active,62
1282,user_1282,Operations,Pending,82
1283,user_1283,Security,Pending,79
1284,user_1284,Operations,Active,2
1285,user_1285,Engineering,Inactive,38
1286,user_1286,Operations,Pending,81
1287,user_1287,Engineering,Active,9
1288,user_1288,Engineering,Pending,24
1289,user_1289,Security,Inactive,45
1290,user_1290,Engineering,Pending,2
1291,user_1291,Engineering,Pending,36
1292,user_1292,Finance,Inactive,0
1293,user_1293,Engineering,Active,1
1294,user_1294,Finance,Active,7
1295,user_1295,Engineering,Pending,40
1296,user_1296,Engineering,Inactive,36
1297,user_1297,Operations,Inactive,4
1298,user_1298,Operations,Inactive,22
1299,user_1299,Operations,Active,8
1300,user_1300,Engineering,Inactive,63
1301,user_1301,Finance,Inactive,51
1302,user_1302,Security,Pending,0
1303,user_1303,Engineering,Pending,1
1304,user_1304,Operations,Active,98
1305,user_1305,Engineering,Pending,70
1306,user_1306,Engineering,Inactive,91
1307,user_1307,Finance,Active,93
1308,user_1308,Security,Active,14
1309,user_1309,Operations,Active,80
1310,user_1310,Engineering,Pending,5
1311,user_1311,Operations,Inactive,59
1312,user_1312,Engineering,Pending,78
1313,user_1313,Engineering,Pending,17
1314,user_1314,Engineering,Active,34
1315,user_1315,Security,Active,28
1316,user_1316,Engineering,Pending,18
1317,user_1317,Operations,Inactive,87
1318,user_1318,Security,Active,75
1319,user_1319,Engineering,Inactive,34
1320,user_1320,Engineering,Inactive,92
1321,user_1321,Security,Active,24
1322,user_1322,Engineering,Pending,34
1323,user_1323,Operations,Active,21
1324,user_1324,Engineering,Pending,69
1325,user_1325,Operations,Active,37
1326,user_1326,Finance,Active,47
1327,user_1327,Operations,Inactive,73
1328,user_1328,Finance,Active,57
1329,user_1329,Operations,Active,79
1330,user_1330,Engineering,Active,72
1331,user_1331,Operations,Inactive,55
1332,user_1332,Operations,Active,0
1333,user_1333,Operations,Active,53
1334,user_1334,Finance,Inactive,39
1335,user_1335,Security,Inactive,99
1336,user_1336,Finance,Inactive,4
1337,user_1337,Operations,Inactive,80
1338,user_1338,Finance,Inactive,56
1339,user_1339,Engineering,Active,72
1340,user_1340,Security,Inactive,59
1341,user_1341,Finance,Inactive,7
1342,user_1342,Finance,Inactive,7
1343,user_1343,Operations,Active,7
1344,user_1344,Engineering,Pending,21
1345,user_1345,Finance,Pending,66
1346,user_1346,Engineering,Pending,77
1347,user_1347,Operations,Inactive,79
1348,user_1348,Security,Inactive,0
1349,user_1349,Security,Inactive,78
1350,user_1350,Finance,Pending,4
1351,user_1351,Finance,Pending,79
1352,user_1352,Finance,Inactive,94
1353,user_1353,Engineering,Inactive,40
1354,user_1354,Security,Pending,95
1355,user_1355,Finance,Active,85
1356,user_1356,Security,Inactive,64
1357,user_1357,Security,Inactive,69
1358,user_1358,Finance,Active,43
1359,user_1359,Security,Inactive,85
1360,user_1360,Security,Inactive,19
1361,user_1361,Operations,Pending,84
1362,user_1362,Finance,Active,98
1363,user_1363,Engineering,Pending,4
1364,user_1364,Security,Active,86
1365,user_1365,Finance,Pending,7
1366,user_1366,Finance,Pending,60
1367,user_1367,Finance,Pending,46
1368,user_1368,Engineering,Inactive,21
1369,user_1369,Finance,Active,68
1370,user_1370,Operations,Pending,91
1371,user_1371,Security,Pending,14
1372,user_1372,Security,Active,42
1373,user_1373,Operations,Inactive,9
1374,user_1374,Security,Pending,58
1375,user_1375,Operations,Inactive,56
1376,user_1376,Security,Inactive,42
1377,user_1377,Engineering,Inactive,99
1378,user_1378,Operations,Inactive,93
1379,user_1379,Engineering,Inactive,76
1380,user_1380,Operations,Inactive,2
1381,user_1381,Security,Pending,24
1382,user_1382,Finance,Inactive,67
1383,user_1383,Engineering,Inactive,28
1384,user_1384,Engineering,Pending,78
1385,user_1385,Finance,Active,5
1386,user_1386,Finance,Inactive,6
1387,user_1387,Security,Pending,7
1388,user_1388,Engineering,Inactive,27
1389,user_1389,Operations,Pending,48
1390,user_1390,Security,Pending,41
1391,user_1391,Security,Inactive,77
1392,user_1392,Operations,Inactive,47
1393,user_1393,Security,Active,90
1394,user_1394,Finance,Pending,64
1395,user_1395,Security,Inactive,9
1396,user_1396,Engineering,Pending,50
1397,user_1397,Finance,Pending,78
1398,user_1398,Engineering,Pending,85
1399,user_1399,Finance,Active,89
1400,user_1400,Operations,Pending,6
1401,user_1401,Finance,Pending,67
1402,user_1402,Engineering,Pending,94
1403,user_1403,Operations,Active,33
1404,user_1404,Operations,Inactive,25
1405,user_1405,Security,Inactive,74
1406,user_1406,Security,Pending,3
1407,user_1407,Operations,Active,90
1408,user_1408,Operations,Pending,93
1409,user_1409,Operations,Active,50
1410,user_1410,Operations,Inactive,58
1411,user_1411,Finance,Inactive,11
1412,user_1412,Security,Pending,44
1413,user_1413,Operations,Pending,39
1414,user_1414,Finance,Pending,43
1415,user_1415,Finance,Active,90
1416,user_1416,Security,Pending,35
1417,user_1417,Finance,Inactive,18
1418,user_1418,Finance,Inactive,96
1419,user_1419,Operations,Active,56
1420,user_1420,Operations,Inactive,69
1421,user_1421,Security,Inactive,21
1422,user_1422,Operations,Pending,86
1423,user_1423,Security,Active,85
1424,user_1424,Finance,Inactive,93
1425,user_1425,Finance,Active,9
1426,user_1426,Engineering,Active,65
1427,user_1427,Operations,Pending,89
1428,user_1428,Finance,Pending,75
1429,user_1429,Operations,Active,46
1430,user_1430,Finance,Inactive,78
1431,user_1431,Engineering,Pending,32
1432,user_1432,Operations,Active,64
1433,user_1433,Operations,Active,95
1434,user_1434,Security,Active,48
1435,user_1435,Engineering,Inactive,60
1436,user_1436,Engineering,Pending,54
1437,user_1437,Operations,Pending,43
1438,user_1438,Security,Active,30
1439,user_1439,Security,Pending,69
1440,user_1440,Operations,Active,82
1441,user_1441,Operations,Active,9
1442,user_1442,Security,Active,62
1443,user_1443,Security,Inactive,14
1444,user_1444,Finance,Pending,11
1445,user_1445,Finance,Active,46
1446,user_1446,Security,Pending,64
1447,user_1447,Security,Active,96
1448,user_1448,Finance,Inactive,38
1449,user_1449,Security,Inactive,83
1450,user_1450,Operations,Active,57
1451,user_1451,Security,Active,72
1452,user_1452,Finance,Pending,66
1453,user_1453,Finance,Inactive,54
1454,user_1454,Finance,Inactive,38
1455,user_1455,Security,Inactive,75
1456,user_1456,Finance,Active,52
1457,user_1457,Engineering,Active,77
1458,user_1458,Finance,Pending,58
1459,user_1459,Finance,Inactive,8
1460,user_1460,Operations,Pending,58
1461,user_1461,Finance,Inactive,83
1462,user_1462,Security,Pending,70
1463,user_1463,Engineering,Active,80
1464,user_1464,Engineering,Inactive,55
1465,user_1465,Engineering,Pending,62
1466,user_1466,Operations,Inactive,94
1467,user_1467,Engineering,Inactive,29
1468,user_1468,Engineering,Pending,19
1469,user_1469,Security,Inactive,16
1470,user_1470,Engineering,Inactive,36
1471,user_1471,Operations,Inactive,72
1472,user_1472,Finance,Pending,95
1473,user_1473,Operations,Active,82
1474,user_1474,Engineering,Pending,85
1475,user_1475,Operations,Pending,46
1476,user_1476,Engineering,Pending,91
1477,user_1477,Operations,Pending,14
1478,user_1478,Operations,Active,95
1479,user_1479,Engineering,Pending,45
1480,user_1480,Operations,Inactive,65
1481,user_1481,Security,Active,3
1482,user_1482,Security,Active,68
1483,user_1483,Security,Active,31
1484,user_1484,Finance,Pending,26
1485,user_1485,Security,Inactive,51
1486,user_1486,Finance,Pending,21
1487,user_1487,Security,Active,19
1488,user_1488,Security,Pending,5
1489,user_1489,Operations,Active,0
1490,user_1490,Finance,Inactive,99
1491,user_1491,Operations,Inactive,19
1492,user_1492,Operations,Inactive,34
1493,user_1493,Finance,Active,22
1494,user_1494,Operations,Inactive,28
1495,user_1495,Security,Pending,64
1496,user_1496,Security,Pending,83
1497,user_1497,Finance,Pending,59
1498,user_1498,Security,Active,25
1499,user_1499,Operations,Pending,13
1500,user_1500,Operations,Active,81
1501,user_1501,Engineering,Pending,67
1502,user_1502,Finance,Pending,91
1503,user_1503,Operations,Active,94
1504,user_1504,Operations,Active,92
1505,user_1505,Operations,Inactive,42
1506,user_1506,Engineering,Pending,82
1507,user_1507,Security,Active,96
1508,user_1508,Finance,Pending,76
1509,user_1509,Finance,Inactive,2
1510,user_1510,Security,Pending,93
1511,user_1511,Finance,Pending,97
1512,user_1512,Engineering,Pending,10
1513,user_1513,Finance,Active,81
1514,user_1514,Security,Active,96
1515,user_1515,Finance,Active,37
1516,user_1516,Operations,Active,20
1517,user_1517,Engineering,Active,44
1518,user_1518,Finance,Inactive,15
1519,user_1519,Operations,Active,50
1520,user_1520,Security,Active,87
1521,user_1521,Security,Active,99
1522,user_1522,Finance,Pending,37
1523,user_1523,Operations,Pending,72
1524,user_1524,Finance,Active,4
1525,user_1525,Security,Inactive,89
1526,user_1526,Security,Active,29
1527,user_1527,Engineering,Pending,19
1528,user_1528,Operations,Inactive,74
1529,user_1529,Security,Active,24
1530,user_1530,Operations,Pending,63
1531,user_1531,Finance,Pending,73
1532,user_1532,Security,Pending,3
1533,user_1533,Engineering,Pending,22
1534,user_1534,Security,Inactive,34
1535,user_1535,Finance,Active,17
1536,user_1536,Engineering,Pending,100
1537,user_1537,Security,Active,28
1538,user_1538,Operations,Active,22
1539,user_1539,Engineering,Pending,6
1540,user_1540,Finance,Inactive,37
1541,user_1541,Engineering,Pending,1
1542,user_1542,Engineering,Inactive,99
1543,user_1543,Security,Pending,56
1544,user_1544,Security,Pending,56
1545,user_1545,Security,Active,14
1546,user_1546,Security,Pending,46
1547,user_1547,Operations,Active,12
1548,user_1548,Operations,Active,23
1549,user_1549,Engineering,Pending,10
1550,user_1550,Operations,Pending,45
1551,user_1551,Operations,Pending,91
1552,user_1552,Security,Pending,46
1553,user_1553,Security,Inactive,36
1554,user_1554,Security,Active,49
1555,user_1555,Operations,Inactive,42
1556,user_1556,Finance,Pending,41
1557,user_1557,Security,Pending,80
1558,user_1558,Security,Pending,63
1559,user_1559,Engineering,Pending,6
1560,user_1560,Engineering,Inactive,92
1561,user_1561,Security,Active,14
1562,user_1562,Operations,Inactive,42
1563,user_1563,Engineering,Active,69
1564,user_1564,Engineering,Pending,48
1565,user_1565,Finance,Active,100
1566,user_1566,Security,Active,78
1567,user_1567,Engineering,Pending,99
1568,user_1568,Engineering,Active,77
1569,user_1569,Engineering,Inactive,92
1570,user_1570,Finance,Active,0
1571,user_1571,Security,Inactive,9
1572,user_1572,Finance,Active,58
1573,user_1573,Engineering,Inactive,100
1574,user_1574,Finance,Inactive,78
1575,user_1575,Engineering,Inactive,66
1576,user_1576,Operations,Active,6
1577,user_1577,Security,Pending,69
1578,user_1578,Engineering,Active,18
1579,user_1579,Engineering,Active,49
1580,user_1580,Operations,Inactive,13
1581,user_1581,Security,Active,8
1582,user_1582,Operations,Pending,83
1583,user_1583,Security,Inactive,86
1584,user_1584,Engineering,Inactive,36
1585,user_1585,Finance,Inactive,41
1586,user_1586,Engineering,Active,35
1587,user_1587,Engineering,Inactive,63
1588,user_1588,Engineering,Active,60
1589,user_1589,Security,Active,83
1590,user_1590,Finance,Inactive,92
1591,user_1591,Finance,Inactive,84
1592,user_1592,Finance,Active,43
1593,user_1593,Operations,Pending,48
1594,user_1594,Finance,Pending,54
1595,user_1595,Finance,Pending,7
1596,user_1596,Operations,Inactive,45
1597,user_1597,Finance,Inactive,32
1598,user_1598,Engineering,Pending,82
1599,user_1599,Security,Active,51
1600,user_1600,Operations,Inactive,69
1601,user_1601,Finance,Pending,39
1602,user_1602,Engineering,Pending,40
1603,user_1603,Operations,Pending,27
1604,user_1604,Operations,Pending,29
1605,user_1605,Engineering,Pending,89
1606,user_1606,Operations,Pending,49
1607,user_1607,Security,Active,88
1608,user_1608,Operations,Inactive,0
1609,user_1609,Finance,Pending,56
1610,user_1610,Security,Inactive,35
1611,user_1611,Security,Inactive,46
1612,user_1612,Engineering,Inactive,2
1613,user_1613,Security,Pending,71
1614,user_1614,Operations,Active,33
1615,user_1615,Security,Active,89
1616,user_1616,Security,Pending,65
1617,user_1617,Engineering,Inactive,5
1618,user_1618,Security,Pending,25
1619,user_1619,Security,Active,30
1620,user_1620,Engineering,Active,96
1621,user_1621,Engineering,Active,64
1622,user_1622,Engineering,Pending,77
1623,user_1623,Security,Inactive,82
1624,user_1624,Engineering,Inactive,44
1625,user_1625,Engineering,Pending,92
1626,user_1626,Security,Active,14
1627,user_1627,Engineering,Inactive,66
1628,user_1628,Engineering,Active,5
1629,user_1629,Engineering,Inactive,5
1630,user_1630,Security,Pending,62
1631,user_1631,Finance,Active,25
1632,user_1632,Operations,Inactive,4
1633,user_1633,Operations,Active,45
1634,user_1634,Finance,Active,31
1635,user_1635,Engineering,Inactive,26
1636,user_1636,Finance,Pending,79
1637,user_1637,Finance,Active,12
1638,user_1638,Operations,Inactive,5
1639,user_1639,Engineering,Pending,7
1640,user_1640,Finance,Inactive,22
1641,user_1641,Operations,Inactive,100
1642,user_1642,Operations,Inactive,84
1643,user_1643,Finance,Pending,28
1644,user_1644,Engineering,Inactive,52
1645,user_1645,Engineering,Active,1
1646,user_1646,Operations,Inactive,93
1647,user_1647,Finance,Pending,13
1648,user_1648,Security,Inactive,34
1649,user_1649,Engineering,Active,23
1650,user_1650,Engineering,Active,72
1651,user_1651,Security,Pending,22
1652,user_1652,Finance,Pending,0
1653,user_1653,Operations,Inactive,8
1654,user_1654,Engineering,Inactive,32
1655,user_1655,Finance,Pending,37
1656,user_1656,Security,Pending,2
1657,user_1657,Finance,Inactive,5
1658,user_1658,Engineering,Inactive,77
1659,user_1659,Engineering,Active,23
1660,user_1660,Operations,Active,64
1661,user_1661,Engineering,Inactive,27
1662,user_1662,Operations,Pending,48
1663,user_1663,Engineering,Inactive,37
1664,user_1664,Operations,Active,58
1665,user_1665,Security,Pending,38
1666,user_1666,Finance,Pending,100
1667,user_1667,Engineering,Pending,17
1668,user_1668,Security,Pending,53
1669,user_1669,Operations,Pending,29
1670,user_1670,Engineering,Pending,76
1671,user_1671,Engineering,Inactive,85
1672,user_1672,Finance,Active,35
1673,user_1673,Engineering,Inactive,59
1674,user_1674,Finance,Pending,72
1675,user_1675,Engineering,Inactive,10
1676,user_1676,Finance,Pending,27
1677,user_1677,Engineering,Pending,94
1678,user_1678,Engineering,Active,44
1679,user_1679,Operations,Inactive,99
1680,user_1680,Engineering,Inactive,61
1681,user_1681,Security,Active,90
1682,user_1682,Finance,Active,0
1683,user_1683,Engineering,Pending,78
1684,user_1684,Security,Active,83
1685,user_1685,Security,Inactive,46
1686,user_1686,Security,Active,59
1687,user_1687,Security,Inactive,27
1688,user_1688,Finance,Active,4
1689,user_1689,Engineering,Pending,90
1690,user_1690,Operations,Pending,5
1691,user_1691,Security,Pending,100
1692,user_1692,Operations,Pending,14
1693,user_1693,Security,Inactive,72
1694,user_1694,Security,Pending,4
1695,user_1695,Security,Inactive,95
1696,user_1696,Finance,Active,21
1697,user_1697,Security,Inactive,23
1698,user_1698,Security,Active,72
1699,user_1699,Engineering,Pending,41
1700,user_1700,Engineering,Inactive,3
1701,user_1701,Engineering,Inactive,66
1702,user_1702,Security,Pending,37
1703,user_1703,Finance,Pending,74
1704,user_1704,Finance,Active,68
1705,user_1705,Finance,Active,18
1706,user_1706,Finance,Inactive,5
1707,user_1707,Engineering,Pending,65
1708,user_1708,Finance,Active,27
1709,user_1709,Finance,Inactive,5
1710,user_1710,Engineering,Active,79
1711,user_1711,Finance,Active,25
1712,user_1712,Security,Active,31
1713,user_1713,Operations,Pending,63
1714,user_1714,Operations,Inactive,39
1715,user_1715,Engineering,Inactive,1
1716,user_1716,Operations,Pending,25
1717,user_1717,Engineering,Pending,95
1718,user_1718,Security,Pending,99
1719,user_1719,Engineering,Pending,91
1720,user_1720,Finance,Active,13
1721,user_1721,Engineering,Inactive,95
1722,user_1722,Engineering,Inactive,4
1723,user_1723,Engineering,Pending,8
1724,user_1724,Finance,Inactive,23
1725,user_1725,Finance,Inactive,17
1726,user_1726,Security,Active,77
1727,user_1727,Finance,Active,98
1728,user_1728,Engineering,Inactive,41
1729,user_1729,Finance,Inactive,16
1730,user_1730,Engineering,Inactive,50
1731,user_1731,Operations,Pending,30
1732,user_1732,Security,Inactive,41
1733,user_1733,Finance,Inactive,91
1734,user_1734,Operations,Active,27
1735,user_1735,Engineering,Pending,1
1736,user_1736,Finance,Active,53
1737,user_1737,Security,Active,4
1738,user_1738,Engineering,Pending,37
1739,user_1739,Engineering,Active,98
1740,user_1740,Operations,Active,68
1741,user_1741,Security,Active,63
1742,user_1742,Engineering,Inactive,41
1743,user_1743,Operations,Pending,54
1744,user_1744,Finance,Active,60
1745,user_1745,Operations,Pending,98
1746,user_1746,Operations,Inactive,77
1747,user_1747,Finance,Pending,83
1748,user_1748,Engineering,Pending,37
1749,user_1749,Finance,Active,38
1750,user_1750,Security,Inactive,79
1751,user_1751,Operations,Active,67
1752,user_1752,Finance,Inactive,5
1753,user_1753,Operations,Active,73
1754,user_1754,Finance,Pending,77
1755,user_1755,Finance,Inactive,73
1756,user_1756,Engineering,Inactive,66
1757,user_1757,Security,Pending,71
1758,user_1758,Security,Active,68
1759,user_1759,Engineering,Inactive,52
1760,user_1760,Security,Inactive,31
1761,user_1761,Finance,Active,74
1762,user_1762,Operations,Pending,88
1763,user_1763,Engineering,Inactive,39
1764,user_1764,Engineering,Pending,59
1765,user_1765,Engineering,Inactive,43
1766,user_1766,Operations,Inactive,3
1767,user_1767,Operations,Pending,16
1768,user_1768,Operations,Pending,11
1769,user_1769,Operations,Inactive,64
1770,user_1770,Engineering,Inactive,83
1771,user_1771,Finance,Inactive,3
1772,user_1772,Operations,Active,69
1773,user_1773,Finance,Pending,37
1774,user_1774,Finance,Inactive,97
1775,user_1775,Security,Active,56
1776,user_1776,Finance,Inactive,9
1777,user_1777,Operations,Inactive,2
1778,user_1778,Security,Inactive,94
1779,user_1779,Operations,Pending,9
1780,user_1780,Operations,Active,22
1781,user_1781,Finance,Inactive,31
1782,user_1782,Engineering,Active,75
1783,user_1783,Operations,Pending,8
1784,user_1784,Security,Inactive,76
1785,user_1785,Engineering,Pending,57
1786,user_1786,Security,Pending,44
1787,user_1787,Security,Inactive,68
1788,user_1788,Engineering,Pending,84
1789,user_1789,Operations,Pending,28
1790,user_1790,Security,Active,59
1791,user_1791,Finance,Pending,3
1792,user_1792,Engineering,Inactive,57
1793,user_1793,Engineering,Inactive,65
1794,user_1794,Operations,Pending,21
1795,user_1795,Finance,Inactive,18
1796,user_1796,Finance,Active,58
1797,user_1797,Finance,Active,82
1798,user_1798,Security,Active,24
1799,user_1799,Finance,Pending,32
1800,user_1800,Operations,Inactive,17
1801,user_1801,Finance,Pending,80
1802,user_1802,Operations,Inactive,13
1803,user_1803,Operations,Pending,60
1804,user_1804,Finance,Pending,44
1805,user_1805,Operations,Pending,80
1806,user_1806,Operations,Active,56
1807,user_1807,Engineering,Inactive,54
1808,user_1808,Finance,Active,76
1809,user_1809,Finance,Active,17
1810,user_1810,Operations,Pending,57
1811,user_1811,Security,Active,59
1812,user_1812,Security,Active,8
1813,user_1813,Finance,Active,92
1814,user_1814,Operations,Inactive,21
1815,user_1815,Operations,Inactive,89
1816,user_1816,Security,Inactive,51
1817,user_1817,Engineering,Pending,43
1818,user_1818,Finance,Active,83
1819,user_1819,Operations,Active,81
1820,user_1820,Security,Active,46
1821,user_1821,Finance,Pending,5
1822,user_1822,Engineering,Pending,51
1823,user_1823,Finance,Inactive,37
1824,user_1824,Operations,Inactive,70
1825,user_1825,Engineering,Pending,86
1826,user_1826,Engineering,Pending,23
1827,user_1827,Security,Pending,76
1828,user_1828,Finance,Pending,58
1829,user_1829,Security,Active,64
1830,user_1830,Operations,Active,23
1831,user_1831,Engineering,Pending,78
1832,user_1832,Operations,Pending,66
1833,user_1833,Operations,Inactive,60
1834,user_1834,Finance,Pending,42
1835,user_1835,Operations,Active,97
1836,user_1836,Operations,Inactive,85
1837,user_1837,Security,Active,64
1838,user_1838,Engineering,Pending,9
1839,user_1839,Finance,Active,36
1840,user_1840,Engineering,Inactive,99
1841,user_1841,Finance,Pending,84
1842,user_1842,Engineering,Pending,100
1843,user_1843,Finance,Active,43
1844,user_1844,Finance,Active,8
1845,user_1845,Finance,Pending,1
1846,user_1846,Operations,Pending,95
1847,user_1847,Operations,Active,12
1848,user_1848,Operations,Active,11
1849,user_1849,Operations,Active,17
1850,user_1850,Finance,Pending,28
1851,user_1851,Security,Active,3
1852,user_1852,Operations,Pending,55
1853,user_1853,Finance,Pending,62
1854,user_1854,Security,Pending,92
1855,user_1855,Operations,Pending,53
1856,user_1856,Operations,Pending,38
1857,user_1857,Engineering,Inactive,19
1858,user_1858,Finance,Pending,86
1859,user_1859,Engineering,Pending,93
1860,user_1860,Finance,Pending,73
1861,user_1861,Finance,Pending,60
1862,user_1862,Operations,Inactive,47
1863,user_1863,Engineering,Active,74
1864,user_1864,Engineering,Inactive,81
1865,user_1865,Finance,Pending,56
1866,user_1866,Finance,Pending,20
1867,user_1867,Engineering,Inactive,32
1868,user_1868,Operations,Inactive,96
1869,user_1869,Operations,Active,1
1870,user_1870,Finance,Active,69
1871,user_1871,Operations,Inactive,74
1872,user_1872,Finance,Active,56
1873,user_1873,Operations,Pending,30
1874,user_1874,Finance,Pending,40
1875,user_1875,Security,Pending,99
1876,user_1876,Finance,Inactive,41
1877,user_1877,Security,Pending,27
1878,user_1878,Security,Active,35
1879,user_1879,Security,Active,11
1880,user_1880,Operations,Active,65
1881,user_1881,Security,Inactive,7
1882,user_1882,Finance,Pending,88
1883,user_1883,Finance,Active,6
1884,user_1884,Engineering,Inactive,49
1885,user_1885,Operations,Pending,100
1886,user_1886,Engineering,Pending,34
1887,user_1887,Security,Pending,4
1888,user_1888,Finance,Pending,17
1889,user_1889,Engineering,Pending,33
1890,user_1890,Operations,Active,73
1891,user_1891,Finance,Inactive,81
1892,user_1892,Operations,Inactive,20
1893,user_1893,Security,Active,26
1894,user_1894,Security,Pending,82
1895,user_1895,Engineering,Inactive,15
1896,user_1896,Security,Pending,100
1897,user_1897,Finance,Inactive,63
1898,user_1898,Finance,Inactive,4
1899,user_1899,Security,Inactive,72
1900,user_1900,Engineering,Inactive,85
1901,user_1901,Finance,Active,38
1902,user_1902,Engineering,Inactive,68
1903,user_1903,Operations,Active,49
1904,user_1904,Engineering,Pending,9
1905,user_1905,Operations,Inactive,72
1906,user_1906,Finance,Pending,15
1907,user_1907,Security,Pending,92
1908,user_1908,Engineering,Inactive,65
1909,user_1909,Engineering,Pending,39
1910,user_1910,Security,Pending,36
1911,user_1911,Engineering,Inactive,28
1912,user_1912,Operations,Inactive,44
1913,user_1913,Security,Pending,84
1914,user_1914,Operations,Active,94
1915,user_1915,Engineering,Inactive,42
1916,user_1916,Operations,Active,83
1917,user_1917,Security,Pending,3
1918,user_1918,Finance,Active,79
1919,user_1919,Finance,Active,13
1920,user_1920,Engineering,Active,38
1921,user_1921,Finance,Pending,98
1922,user_1922,Security,Inactive,20
1923,user_1923,Security,Active,23
1924,user_1924,Security,Inactive,59
1925,user_1925,Operations,Pending,18
1926,user_1926,Engineering,Inactive,98
1927,user_1927,Security,Inactive,68
1928,user_1928,Operations,Active,45
1929,user_1929,Finance,Active,30
1930,user_1930,Engineering,Inactive,40
1931,user_1931,Finance,Inactive,66
1932,user_1932,Finance,Inactive,58
1933,user_1933,Security,Active,92
1934,user_1934,Finance,Inactive,20
1935,user_1935,Security,Pending,38
1936,user_1936,Operations,Inactive,5
1937,user_1937,Security,Active,52
1938,user_1938,Operations,Pending,93
1939,user_1939,Operations,Inactive,62
1940,user_1940,Engineering,Pending,28
1941,user_1941,Security,Inactive,64
1942,user_1942,Operations,Active,39
1943,user_1943,Security,Active,85
1944,user_1944,Finance,Pending,76
1945,user_1945,Operations,Pending,44
1946,user_1946,Engineering,Pending,91
1947,user_1947,Engineering,Inactive,24
1948,user_1948,Operations,Pending,61
1949,user_1949,Operations,Active,31
1950,user_1950,Security,Active,92
1951,user_1951,Operations,Inactive,47
1952,user_1952,Security,Inactive,60
1953,user_1953,Engineering,Inactive,63
1954,user_1954,Finance,Pending,58
1955,user_1955,Operations,Active,38
1956,user_1956,Security,Inactive,87
1957,user_1957,Operations,Pending,23
1958,user_1958,Security,Pending,23
1959,user_1959,Operations,Inactive,14
1960,user_1960,Operations,Active,89
1961,user_1961,Engineering,Active,25
1962,user_1962,Security,Active,44
1963,user_1963,Finance,Active,47
1964,user_1964,Security,Active,8
1965,user_1965,Operations,Pending,78
1966,user_1966,Security,Inactive,23
1967,user_1967,Security,Pending,68
1968,user_1968,Engineering,Active,2
1969,user_1969,Operations,Active,28
1970,user_1970,Engineering,Active,82
1971,user_1971,Finance,Pending,21
1972,user_1972,Engineering,Pending,18
1973,user_1973,Security,Active,29
1974,user_1974,Security,Active,44
1975,user_1975,Security,Pending,33
1976,user_1976,Finance,Active,79
1977,user_1977,Security,Pending,21
1978,user_1978,Security,Pending,83
1979,user_1979,Security,Inactive,84
1980,user_1980,Finance,Inactive,29
1981,user_1981,Engineering,Inactive,18
1982,user_1982,Engineering,Active,66
1983,user_1983,Security,Inactive,42
1984,user_1984,Engineering,Inactive,63
1985,user_1985,Engineering,Inactive,24
1986,user_1986,Operations,Pending,15
1987,user_1987,Operations,Pending,47
1988,user_1988,Operations,Active,55
1989,user_1989,Finance,Active,19
1990,user_1990,Finance,Active,31
1991,user_1991,Operations,Pending,81
1992,user_1992,Finance,Inactive,26
1993,user_1993,Finance,Active,45
1994,user_1994,Operations,Inactive,88
1995,user_1995,Operations,Pending,6
1996,user_1996,Security,Active,97
1997,user_1997,Security,Active,27
1998,user_1998,Finance,Active,5
1999,user_1999,Operations,Pending,62
2000,user_2000,Finance,Active,81
2001,user_2001,Security,Inactive,11
2002,user_2002,Security,Pending,87
2003,user_2003,Engineering,Active,35
2004,user_2004,Finance,Active,81
2005,user_2005,Operations,Inactive,80
2006,user_2006,Engineering,Inactive,5
2007,user_2007,Finance,Inactive,8
2008,user_2008,Finance,Inactive,17
2009,user_2009,Security,Inactive,95
2010,user_2010,Security,Active,57
2011,user_2011,Security,Active,35
2012,user_2012,Finance,Active,95
2013,user_2013,Operations,Active,60
2014,user_2014,Operations,Pending,75
2015,user_2015,Security,Pending,50
2016,user_2016,Operations,Inactive,67
2017,user_2017,Security,Inactive,42
2018,user_2018,Operations,Pending,20
2019,user_2019,Engineering,Active,68
2020,user_2020,Engineering,Inactive,0
2021,user_2021,Finance,Pending,53
2022,user_2022,Operations,Pending,60
2023,user_2023,Engineering,Pending,16
2024,user_2024,Finance,Inactive,27
2025,user_2025,Finance,Inactive,63
2026,user_2026,Security,Pending,36
2027,user_2027,Engineering,Inactive,94
2028,user_2028,Finance,Pending,53
2029,user_2029,Engineering,Inactive,13
2030,user_2030,Operations,Inactive,95
2031,user_2031,Engineering,Inactive,25
2032,user_2032,Engineering,Inactive,93
2033,user_2033,Security,Pending,35
2034,user_2034,Finance,Active,37
2035,user_2035,Security,Active,1
2036,user_2036,Finance,Active,59
2037,user_2037,Finance,Pending,86
2038,user_2038,Engineering,Active,34
2039,user_2039,Engineering,Pending,38
2040,user_2040,Operations,Inactive,99
2041,user_2041,Security,Inactive,2
2042,user_2042,Operations,Inactive,74
2043,user_2043,Engineering,Inactive,89
2044,user_2044,Finance,Pending,35
2045,user_2045,Operations,Pending,68
2046,user_2046,Engineering,Pending,57
2047,user_2047,Engineering,Inactive,34
2048,user_2048,Operations,Active,87
2049,user_2049,Engineering,Active,43
2050,user_2050,Finance,Inactive,94
2051,user_2051,Security,Pending,17
2052,user_2052,Operations,Active,75
2053,user_2053,Operations,Active,48
2054,user_2054,Finance,Active,53
2055,user_2055,Engineering,Inactive,29
2056,user_2056,Engineering,Inactive,19
2057,user_2057,Engineering,Active,100
2058,user_2058,Security,Active,75
2059,user_2059,Security,Inactive,50
2060,user_2060,Engineering,Pending,80
2061,user_2061,Finance,Active,45
2062,user_2062,Engineering,Active,18
2063,user_2063,Security,Pending,36
2064,user_2064,Security,Pending,30
2065,user_2065,Engineering,Active,41
2066,user_2066,Engineering,Inactive,67
2067,user_2067,Security,Active,0
2068,user_2068,Security,Pending,35
2069,user_2069,Operations,Pending,8
2070,user_2070,Finance,Active,40
2071,user_2071,Operations,Pending,54
2072,user_2072,Operations,Pending,7
2073,user_2073,Operations,Active,12
2074,user_2074,Security,Inactive,54
2075,user_2075,Operations,Active,78
2076,user_2076,Security,Pending,73
2077,user_2077,Operations,Inactive,92
2078,user_2078,Security,Inactive,64
2079,user_2079,Security,Active,97
2080,user_2080,Security,Active,67
2081,user_2081,Engineering,Active,58
2082,user_2082,Security,Active,22
2083,user_2083,Operations,Pending,1
2084,user_2084,Security,Active,18
2085,user_2085,Security,Pending,96
2086,user_2086,Operations,Pending,32
2087,user_2087,Security,Pending,39
2088,user_2088,Engineering,Pending,25
2089,user_2089,Finance,Active,43
2090,user_2090,Security,Pending,26
2091,user_2091,Security,Pending,25
2092,user_2092,Operations,Inactive,46
2093,user_2093,Security,Inactive,3
2094,user_2094,Finance,Active,82
2095,user_2095,Finance,Inactive,64
2096,user_2096,Security,Active,78
2097,user_2097,Engineering,Inactive,79
2098,user_2098,Operations,Inactive,99
2099,user_2099,Finance,Active,32
2100,user_2100,Engineering,Active,88
2101,user_2101,Engineering,Pending,23
2102,user_2102,Engineering,Inactive,59
2103,user_2103,Security,Inactive,71
2104,user_2104,Operations,Active,64
2105,user_2105,Finance,Pending,23
2106,user_2106,Finance,Active,77
2107,user_2107,Finance,Pending,45
2108,user_2108,Operations,Active,52
2109,user_2109,Security,Active,5
2110,user_2110,Engineering,Active,33
2111,user_2111,Security,Pending,67
2112,user_2112,Security,Inactive,87
2113,user_2113,Security,Inactive,31
2114,user_2114,Security,Active,28
2115,user_2115,Finance,Active,82
2116,user_2116,Security,Inactive,93
2117,user_2117,Security,Pending,12
2118,user_2118,Operations,Inactive,38
2119,user_2119,Finance,Pending,67
2120,user_2120,Engineering,Inactive,100
2121,user_2121,Engineering,Active,13
2122,user_2122,Security,Inactive,21
2123,user_2123,Security,Inactive,41
2124,user_2124,Operations,Inactive,72
2125,user_2125,Engineering,Active,9
2126,user_2126,Finance,Active,2
2127,user_2127,Finance,Inactive,34
2128,user_2128,Security,Active,71
2129,user_2129,Finance,Inactive,61
2130,user_2130,Engineering,Pending,98
2131,user_2131,Engineering,Pending,20
2132,user_2132,Finance,Active,15
2133,user_2133,Security,Pending,82
2134,user_2134,Operations,Pending,78
2135,user_2135,Finance,Inactive,9
2136,user_2136,Security,Active,70
2137,user_2137,Finance,Inactive,0
2138,user_2138,Security,Pending,29
2139,user_2139,Operations,Pending,6
2140,user_2140,Operations,Active,90
2141,user_2141,Finance,Active,71
2142,user_2142,Engineering,Pending,37
2143,user_2143,Operations,Active,89
2144,user_2144,Operations,Pending,32
2145,user_2145,Finance,Inactive,87
2146,user_2146,Operations,Pending,82
2147,user_2147,Engineering,Pending,71
2148,user_2148,Engineering,Inactive,13
2149,user_2149,Security,Pending,51
2150,user_2150,Operations,Pending,74
2151,user_2151,Engineering,Inactive,34
2152,user_2152,Finance,Pending,37
2153,user_2153,Engineering,Pending,57
2154,user_2154,Security,Active,94
2155,user_2155,Operations,Pending,100
2156,user_2156,Engineering,Active,23
2157,user_2157,Security,Active,78
2158,user_2158,Operations,Inactive,12
2159,user_2159,Engineering,Inactive,98
2160,user_2160,Security,Inactive,87
2161,user_2161,Operations,Inactive,3
2162,user_2162,Security,Inactive,7
2163,user_2163,Finance,Inactive,97
2164,user_2164,Finance,Active,83
2165,user_2165,Security,Active,34
2166,user_2166,Operations,Pending,26
2167,user_2167,Security,Pending,97
2168,user_2168,Engineering,Pending,38
2169,user_2169,Engineering,Inactive,37
2170,user_2170,Operations,Inactive,81
2171,user_2171,Operations,Active,70
2172,user_2172,Engineering,Pending,78
2173,user_2173,Security,Inactive,78
2174,user_2174,Engineering,Inactive,44
2175,user_2175,Finance,Pending,13
2176,user_2176,Engineering,Pending,22
2177,user_2177,Operations,Pending,39
2178,user_2178,Security,Pending,90
2179,user_2179,Finance,Active,78
2180,user_2180,Operations,Inactive,69
2181,user_2181,Engineering,Pending,4
2182,user_2182,Engineering,Active,28
2183,user_2183,Operations,Pending,9
2184,user_2184,Security,Active,45
2185,user_2185,Operations,Active,77
2186,user_2186,Security,Active,53
2187,user_2187,Finance,Inactive,26
2188,user_2188,Engineering,Pending,29
2189,user_2189,Finance,Pending,89
2190,user_2190,Operations,Active,14
2191,user_2191,Security,Active,31
2192,user_2192,Operations,Active,64
2193,user_2193,Finance,Active,84
2194,user_2194,Finance,Inactive,36
2195,user_2195,Finance,Inactive,30
2196,user_2196,Engineering,Pending,19
2197,user_2197,Security,Active,10
2198,user_2198,Security,Inactive,65
2199,user_2199,Finance,Active,53
2200,user_2200,Finance,Inactive,13
2201,user_2201,Finance,Pending,97
2202,user_2202,Operations,Pending,98
2203,user_2203,Operations,Inactive,61
2204,user_2204,Finance,Active,33
2205,user_2205,Operations,Inactive,66
2206,user_2206,Engineering,Inactive,48
2207,user_2207,Operations,Active,32
2208,user_2208,Finance,Pending,85
2209,user_2209,Operations,Pending,68
2210,user_2210,Security,Active,83
2211,user_2211,Finance,Inactive,31
2212,user_2212,Security,Pending,45
2213,user_2213,Engineering,Pending,87
2214,user_2214,Security,Pending,81
2215,user_2215,Engineering,Inactive,56
2216,user_2216,Security,Active,40
2217,user_2217,Finance,Active,5
2218,user_2218,Engineering,Pending,97
2219,user_2219,Engineering,Pending,42
2220,user_2220,Security,Pending,9
2221,user_2221,Operations,Pending,93
2222,user_2222,Engineering,Active,20
2223,user_2223,Engineering,Active,94
2224,user_2224,Finance,Active,59
2225,user_2225,Engineering,Active,49
2226,user_2226,Engineering,Pending,53
2227,user_2227,Engineering,Inactive,48
2228,user_2228,Operations,Inactive,23
2229,user_2229,Security,Pending,8
2230,user_2230,Engineering,Pending,1
2231,user_2231,Security,Active,45
2232,user_2232,Engineering,Active,98
2233,user_2233,Finance,Active,21
2234,user_2234,Operations,Pending,98
2235,user_2235,Operations,Active,65
2236,user_2236,Operations,Inactive,82
2237,user_2237,Engineering,Inactive,93
2238,user_2238,Engineering,Active,55
2239,user_2239,Security,Inactive,4
2240,user_2240,Security,Inactive,20
2241,user_2241,Engineering,Pending,31
2242,user_2242,Operations,Inactive,82
2243,user_2243,Finance,Pending,6
2244,user_2244,Finance,Inactive,45
2245,user_2245,Security,Pending,49
2246,user_2246,Security,Pending,13
2247,user_2247,Finance,Active,36
2248,user_2248,Security,Active,52
2249,user_2249,Security,Active,37
2250,user_2250,Engineering,Inactive,48
2251,user_2251,Security,Active,72
2252,user_2252,Finance,Pending,5
2253,user_2253,Engineering,Active,85
2254,user_2254,Operations,Inactive,8
2255,user_2255,Security,Inactive,53
2256,user_2256,Operations,Inactive,43
2257,user_2257,Engineering,Active,6
2258,user_2258,Security,Active,10
2259,user_2259,Operations,Pending,43
2260,user_2260,Security,Active,16
2261,user_2261,Engineering,Pending,79
2262,user_2262,Security,Inactive,6
2263,user_2263,Security,Pending,26
2264,user_2264,Security,Pending,12
2265,user_2265,Security,Active,26
2266,user_2266,Operations,Active,67
2267,user_2267,Security,Active,4
2268,user_2268,Finance,Pending,72
2269,user_2269,Security,Active,71
2270,user_2270,Engineering,Inactive,80
2271,user_2271,Engineering,Pending,70
2272,user_2272,Security,Inactive,95
2273,user_2273,Engineering,Pending,67
2274,user_2274,Engineering,Active,31
2275,user_2275,Security,Pending,31
2276,user_2276,Operations,Pending,29
2277,user_2277,Finance,Pending,35
2278,user_2278,Security,Pending,41
2279,user_2279,Finance,Inactive,86
2280,user_2280,Security,Pending,37
2281,user_2281,Finance,Pending,51
2282,user_2282,Security,Pending,14
2283,user_2283,Security,Pending,78
2284,user_2284,Engineering,Inactive,65
2285,user_2285,Security,Inactive,50
2286,user_2286,Engineering,Active,59
2287,user_2287,Engineering,Inactive,37
2288,user_2288,Security,Active,70
2289,user_2289,Engineering,Pending,31
2290,user_2290,Finance,Active,55
2291,user_2291,Security,Active,68
2292,user_2292,Security,Active,62
2293,user_2293,Finance,Active,80
2294,user_2294,Finance,Active,96
2295,user_2295,Operations,Inactive,67
2296,user_2296,Engineering,Inactive,73
2297,user_2297,Security,Inactive,70
2298,user_2298,Engineering,Active,41
2299,user_2299,Finance,Inactive,33
2300,user_2300,Operations,Active,1
2301,user_2301,Operations,Pending,78
2302,user_2302,Engineering,Active,63
2303,user_2303,Security,Pending,27
2304,user_2304,Security,Active,66
2305,user_2305,Finance,Pending,32
2306,user_2306,Engineering,Active,47
2307,user_2307,Engineering,Inactive,57
2308,user_2308,Engineering,Pending,37
2309,user_2309,Operations,Inactive,58
2310,user_2310,Operations,Inactive,43
2311,user_2311,Finance,Inactive,52
2312,user_2312,Security,Inactive,35
2313,user_2313,Operations,Inactive,100
2314,user_2314,Security,Pending,85
2315,user_2315,Operations,Active,95
2316,user_2316,Engineering,Inactive,29
2317,user_2317,Engineering,Pending,81
2318,user_2318,Finance,Active,2
2319,user_2319,Operations,Active,16
2320,user_2320,Engineering,Pending,63
2321,user_2321,Finance,Inactive,98
2322,user_2322,Finance,Pending,53
2323,user_2323,Operations,Active,91
2324,user_2324,Engineering,Active,33
2325,user_2325,Engineering,Pending,64
2326,user_2326,Finance,Pending,2
2327,user_2327,Finance,Inactive,12
2328,user_2328,Security,Active,53
2329,user_2329,Finance,Pending,59
2330,user_2330,Operations,Active,8
2331,user_2331,Finance,Pending,89
2332,user_2332,Engineering,Inactive,79
2333,user_2333,Engineering,Inactive,66
2334,user_2334,Finance,Active,26
2335,user_2335,Engineering,Inactive,7
2336,user_2336,Finance,Active,59
2337,user_2337,Security,Pending,44
2338,user_2338,Security,Pending,92
2339,user_2339,Operations,Pending,48
2340,user_2340,Engineering,Inactive,20
2341,user_2341,Security,Active,41
2342,user_2342,Finance,Inactive,96
2343,user_2343,Security,Active,45
2344,user_2344,Operations,Inactive,72
2345,user_2345,Engineering,Pending,78
2346,user_2346,Engineering,Inactive,29
2347,user_2347,Operations,Inactive,80
2348,user_2348,Security,Active,12
2349,user_2349,Security,Active,68
2350,user_2350,Security,Inactive,9
2351,user_2351,Security,Inactive,22
2352,user_2352,Security,Active,22
2353,user_2353,Security,Inactive,88
2354,user_2354,Finance,Inactive,2
2355,user_2355,Engineering,Active,33
2356,user_2356,Engineering,Active,27
2357,user_2357,Operations,Inactive,52
2358,user_2358,Engineering,Active,94
2359,user_2359,Finance,Inactive,64
2360,user_2360,Security,Inactive,22
2361,user_2361,Operations,Inactive,52
2362,user_2362,Finance,Active,3
2363,user_2363,Operations,Inactive,77
2364,user_2364,Engineering,Pending,97
2365,user_2365,Finance,Pending,82
2366,user_2366,Security,Inactive,20
2367,user_2367,Finance,Active,83
2368,user_2368,Engineering,Inactive,97
2369,user_2369,Operations,Inactive,48
2370,user_2370,Operations,Pending,19
2371,user_2371,Security,Inactive,25
2372,user_2372,Security,Active,41
2373,user_2373,Engineering,Inactive,30
2374,user_2374,Finance,Pending,26
2375,user_2375,Engineering,Pending,73
2376,user_2376,Engineering,Pending,92
2377,user_2377,Engineering,Active,84
2378,user_2378,Engineering,Active,38
2379,user_2379,Security,Pending,64
2380,user_2380,Finance,Active,20
2381,user_2381,Security,Active,45
2382,user_2382,Engineering,Inactive,59
2383,user_2383,Finance,Pending,74
2384,user_2384,Finance,Active,66
2385,user_2385,Engineering,Active,70
2386,user_2386,Operations,Inactive,90
2387,user_2387,Engineering,Active,47
2388,user_2388,Engineering,Inactive,43
2389,user_2389,Security,Inactive,13
2390,user_2390,Security,Inactive,9
2391,user_2391,Engineering,Active,84
2392,user_2392,Finance,Active,82
2393,user_2393,Finance,Pending,31
2394,user_2394,Security,Active,95
2395,user_2395,Operations,Pending,2
2396,user_2396,Security,Pending,41
2397,user_2397,Engineering,Active,69
2398,user_2398,Security,Pending,64
2399,user_2399,Finance,Pending,91
2400,user_2400,Engineering,Pending,4
2401,user_2401,Operations,Inactive,34
2402,user_2402,Finance,Active,26
2403,user_2403,Security,Pending,88
2404,user_2404,Engineering,Inactive,23
2405,user_2405,Security,Pending,49
2406,user_2406,Operations,Pending,74
2407,user_2407,Security,Pending,48
2408,user_2408,Engineering,Pending,36
2409,user_2409,Security,Active,24
2410,user_2410,Operations,Active,3
2411,user_2411,Operations,Active,30
2412,user_2412,Security,Inactive,13
2413,user_2413,Finance,Inactive,48
2414,user_2414,Security,Inactive,72
2415,user_2415,Operations,Active,15
2416,user_2416,Security,Active,75
2417,user_2417,Finance,Pending,43
2418,user_2418,Finance,Pending,15
2419,user_2419,Security,Active,54
2420,user_2420,Finance,Inactive,59
2421,user_2421,Operations,Inactive,20
2422,user_2422,Operations,Inactive,99
2423,user_2423,Engineering,Pending,0
2424,user_2424,Engineering,Active,78
2425,user_2425,Finance,Inactive,58
2426,user_2426,Finance,Inactive,26
2427,user_2427,Operations,Active,45
2428,user_2428,Security,Active,83
2429,user_2429,Finance,Active,100
2430,user_2430,Finance,Pending,69
2431,user_2431,Finance,Inactive,56
2432,user_2432,Finance,Pending,4
2433,user_2433,Operations,Active,94
2434,user_2434,Engineering,Pending,2
2435,user_2435,Finance,Pending,52
2436,user_2436,Engineering,Active,99
2437,user_2437,Operations,Inactive,68
2438,user_2438,Finance,Inactive,85
2439,user_2439,Engineering,Pending,57
2440,user_2440,Engineering,Pending,32
2441,user_2441,Engineering,Inactive,17
2442,user_2442,Security,Active,55
2443,user_2443,Operations,Pending,53
2444,user_2444,Security,Inactive,60
2445,user_2445,Engineering,Pending,92
2446,user_2446,Security,Active,60
2447,user_2447,Operations,Active,93
2448,user_2448,Finance,Inactive,56
2449,user_2449,Security,Pending,35
2450,user_2450,Operations,Inactive,6
2451,user_2451,Engineering,Inactive,52
2452,user_2452,Operations,Inactive,14
2453,user_2453,Finance,Pending,80
2454,user_2454,Security,Active,66
2455,user_2455,Security,Active,28
2456,user_2456,Finance,Inactive,7
2457,user_2457,Finance,Active,91
2458,user_2458,Operations,Pending,81
2459,user_2459,Operations,Pending,20
2460,user_2460,Engineering,Inactive,77
2461,user_2461,Operations,Inactive,28
2462,user_2462,Engineering,Active,35
2463,user_2463,Operations,Pending,44
2464,user_2464,Engineering,Inactive,60
2465,user_2465,Security,Inactive,50
2466,user_2466,Security,Inactive,48
2467,user_2467,Engineering,Active,12
2468,user_2468,Engineering,Pending,96
2469,user_2469,Finance,Active,45
2470,user_2470,Operations,Pending,82
2471,user_2471,Finance,Inactive,80
2472,user_2472,Operations,Inactive,37
2473,user_2473,Finance,Pending,58
2474,user_2474,Engineering,Pending,66
2475,user_2475,Finance,Active,76
2476,user_2476,Engineering,Active,51
2477,user_2477,Operations,Pending,92
2478,user_2478,Engineering,Inactive,7
2479,user_2479,Engineering,Inactive,12
2480,user_2480,Security,Inactive,84
2481,user_2481,Engineering,Active,81
2482,user_2482,Finance,Pending,42
2483,user_2483,Security,Active,41
2484,user_2484,Security,Active,11
2485,user_2485,Finance,Pending,84
2486,user_2486,Engineering,Inactive,15
2487,user_2487,Engineering,Pending,73
2488,user_2488,Engineering,Inactive,41
2489,user_2489,Finance,Pending,70
2490,user_2490,Security,Active,26
2491,user_2491,Finance,Inactive,68
2492,user_2492,Engineering,Active,16
2493,user_2493,Engineering,Pending,55
2494,user_2494,Security,Inactive,41
2495,user_2495,Operations,Inactive,96
2496,user_2496,Operations,Active,56
2497,user_2497,Operations,Pending,28
2498,user_2498,Engineering,Active,76
2499,user_2499,Finance,Active,39
2500,user_2500,Operations,Pending,92
2501,user_2501,Finance,Active,70
2502,user_2502,Operations,Pending,90
2503,user_2503,Security,Pending,58
2504,user_2504,Finance,Pending,63
2505,user_2505,Finance,Pending,91
2506,user_2506,Finance,Pending,18
2507,user_2507,Engineering,Inactive,72
2508,user_2508,Operations,Active,14
2509,user_2509,Security,Pending,88
2510,user_2510,Security,Inactive,65
2511,user_2511,Finance,Pending,66
2512,user_2512,Finance,Active,29
2513,user_2513,Security,Active,92
2514,user_2514,Operations,Active,17
2515,user_2515,Operations,Pending,94
2516,user_2516,Operations,Inactive,5
2517,user_2517,Security,Active,27
2518,user_2518,Security,Pending,71
2519,user_2519,Security,Active,55
2520,user_2520,Operations,Inactive,53
2521,user_2521,Finance,Inactive,73
2522,user_2522,Security,Active,63
2523,user_2523,Finance,Active,77
2524,user_2524,Security,Inactive,43
2525,user_2525,Finance,Pending,60
2526,user_2526,Finance,Active,44
2527,user_2527,Operations,Active,66
2528,user_2528,Operations,Pending,59
2529,user_2529,Finance,Active,5
2530,user_2530,Security,Active,52
2531,user_2531,Operations,Inactive,92
2532,user_2532,Engineering,Pending,22
2533,user_2533,Finance,Inactive,55
2534,user_2534,Engineering,Inactive,7
2535,user_2535,Finance,Pending,79
2536,user_2536,Finance,Pending,15
2537,user_2537,Engineering,Pending,93
2538,user_2538,Finance,Inactive,99
2539,user_2539,Finance,Inactive,41
2540,user_2540,Finance,Pending,88
2541,user_2541,Operations,Active,12
2542,user_2542,Operations,Active,80
2543,user_2543,Operations,Pending,61
2544,user_2544,Finance,Inactive,81
2545,user_2545,Engineering,Inactive,98
2546,user_2546,Security,Pending,44
2547,user_2547,Security,Pending,9
2548,user_2548,Security,Active,10
2549,user_2549,Operations,Pending,60
2550,user_2550,Operations,Inactive,89
2551,user_2551,Engineering,Active,8
2552,user_2552,Security,Inactive,73
2553,user_2553,Finance,Active,77
2554,user_2554,Operations,Pending,71
2555,user_2555,Engineering,Inactive,55
2556,user_2556,Security,Inactive,70
2557,user_2557,Operations,Active,78
2558,user_2558,Finance,Active,27
2559,user_2559,Operations,Pending,49
2560,user_2560,Engineering,Pending,13
2561,user_2561,Finance,Active,56
2562,user_2562,Finance,Pending,28
2563,user_2563,Engineering,Active,19
2564,user_2564,Operations,Pending,58
2565,user_2565,Operations,Inactive,66
2566,user_2566,Security,Active,65
2567,user_2567,Security,Pending,35
2568,user_2568,Operations,Pending,17
2569,user_2569,Finance,Inactive,16
2570,user_2570,Security,Inactive,23
2571,user_2571,Security,Pending,16
2572,user_2572,Engineering,Active,86
2573,user_2573,Engineering,Pending,88
2574,user_2574,Operations,Pending,36
2575,user_2575,Security,Pending,79
2576,user_2576,Security,Active,8
2577,user_2577,Finance,Inactive,19
2578,user_2578,Security,Inactive,44
2579,user_2579,Finance,Pending,53
2580,user_2580,Engineering,Inactive,90
2581,user_2581,Security,Pending,27
2582,user_2582,Finance,Active,43
2583,user_2583,Security,Pending,2
2584,user_2584,Engineering,Inactive,18
2585,user_2585,Finance,Inactive,12
2586,user_2586,Finance,Pending,68
2587,user_2587,Security,Active,24
2588,user_2588,Operations,Inactive,81
2589,user_2589,Operations,Pending,56
2590,user_2590,Engineering,Pending,32
2591,user_2591,Operations,Inactive,96
2592,user_2592,Engineering,Inactive,96
2593,user_2593,Finance,Active,71
2594,user_2594,Security,Inactive,3
2595,user_2595,Finance,Inactive,8
2596,user_2596,Security,Active,42
2597,user_2597,Finance,Inactive,83
2598,user_2598,Operations,Inactive,20
2599,user_2599,Operations,Active,78
2600,user_2600,Finance,Active,23
2601,user_2601,Engineering,Pending,94
2602,user_2602,Security,Active,36
2603,user_2603,Finance,Pending,10
2604,user_2604,Security,Active,92
2605,user_2605,Operations,Pending,57
2606,user_2606,Finance,Inactive,72
2607,user_2607,Security,Inactive,92
2608,user_2608,Finance,Active,82
2609,user_2609,Operations,Active,26
2610,user_2610,Engineering,Inactive,100
2611,user_2611,Security,Pending,9
2612,user_2612,Operations,Pending,25
2613,user_2613,Security,Active,26
2614,user_2614,Security,Pending,17
2615,user_2615,Engineering,Pending,48
2616,user_2616,Security,Inactive,4
2617,user_2617,Operations,Pending,7
2618,user_2618,Finance,Active,6
2619,user_2619,Operations,Active,97
2620,user_2620,Engineering,Active,2
2621,user_2621,Engineering,Inactive,4
2622,user_2622,Engineering,Pending,80
2623,user_2623,Operations,Pending,17
2624,user_2624,Operations,Pending,33
2625,user_2625,Engineering,Active,1
2626,user_2626,Finance,Active,67
2627,user_2627,Operations,Active,59
2628,user_2628,Finance,Pending,71
2629,user_2629,Security,Inactive,45
2630,user_2630,Operations,Active,91
2631,user_2631,Finance,Inactive,95
2632,user_2632,Security,Pending,73
2633,user_2633,Engineering,Active,74
2634,user_2634,Operations,Active,68
2635,user_2635,Operations,Pending,26
2636,user_2636,Operations,Inactive,18
2637,user_2637,Security,Inactive,46
2638,user_2638,Security,Active,51
2639,user_2639,Operations,Active,95
2640,user_2640,Finance,Pending,27
2641,user_2641,Finance,Inactive,24
2642,user_2642,Operations,Inactive,87
2643,user_2643,Security,Inactive,98
2644,user_2644,Operations,Active,28
2645,user_2645,Engineering,Pending,92
2646,user_2646,Engineering,Inactive,39
2647,user_2647,Engineering,Active,28
2648,user_2648,Operations,Inactive,10
2649,user_2649,Engineering,Pending,30
2650,user_2650,Security,Inactive,71
2651,user_2651,Operations,Inactive,6
2652,user_2652,Engineering,Pending,0
2653,user_2653,Finance,Pending,66
2654,user_2654,Operations,Active,40
2655,user_2655,Security,Active,44
2656,user_2656,Security,Pending,11
2657,user_2657,Operations,Pending,87
2658,user_2658,Security,Pending,97
2659,user_2659,Finance,Active,0
2660,user_2660,Finance,Active,92
2661,user_2661,Operations,Inactive,65
2662,user_2662,Security,Pending,96
2663,user_2663,Security,Inactive,86
2664,user_2664,Finance,Pending,77
2665,user_2665,Security,Inactive,8
2666,user_2666,Engineering,Pending,75
2667,user_2667,Operations,Inactive,6
2668,user_2668,Operations,Inactive,79
2669,user_2669,Operations,Pending,40
2670,user_2670,Finance,Inactive,38
2671,user_2671,Finance,Active,24
2672,user_2672,Engineering,Inactive,44
2673,user_2673,Security,Pending,38
2674,user_2674,Engineering,Active,33
2675,user_2675,Security,Pending,74
2676,user_2676,Finance,Inactive,71
2677,user_2677,Operations,Pending,98
2678,user_2678,Security,Active,35
2679,user_2679,Finance,Pending,22
2680,user_2680,Operations,Inactive,14
2681,user_2681,Engineering,Active,98
2682,user_2682,Engineering,Pending,70
2683,user_2683,Finance,Inactive,35
2684,user_2684,Security,Inactive,93
2685,user_2685,Security,Inactive,4
2686,user_2686,Engineering,Inactive,46
2687,user_2687,Engineering,Pending,48
2688,user_2688,Finance,Inactive,82
2689,user_2689,Finance,Pending,16
2690,user_2690,Finance,Pending,33
2691,user_2691,Finance,Active,59
2692,user_2692,Security,Pending,68
2693,user_2693,Security,Inactive,61
2694,user_2694,Operations,Pending,61
2695,user_2695,Engineering,Inactive,59
2696,user_2696,Engineering,Active,81
2697,user_2697,Operations,Active,35
2698,user_2698,Security,Active,9
2699,user_2699,Operations,Active,6
2700,user_2700,Operations,Inactive,34
2701,user_2701,Engineering,Pending,81
2702,user_2702,Operations,Pending,30
2703,user_2703,Security,Active,91
2704,user_2704,Security,Inactive,50
2705,user_2705,Engineering,Active,73
2706,user_2706,Security,Inactive,66
2707,user_2707,Operations,Active,65
2708,user_2708,Operations,Pending,33
2709,user_2709,Finance,Inactive,50
2710,user_2710,Engineering,Active,19
2711,user_2711,Operations,Inactive,49
2712,user_2712,Engineering,Pending,26
2713,user_2713,Security,Inactive,65
2714,user_2714,Security,Inactive,1
2715,user_2715,Security,Inactive,70
2716,user_2716,Security,Active,32
2717,user_2717,Operations,Pending,84
2718,user_2718,Operations,Active,3
2719,user_2719,Operations,Inactive,34
2720,user_2720,Operations,Pending,85
2721,user_2721,Finance,Pending,36
2722,user_2722,Operations,Pending,54
2723,user_2723,Finance,Active,97
2724,user_2724,Engineering,Pending,39
2725,user_2725,Finance,Pending,74
2726,user_2726,Operations,Inactive,28
2727,user_2727,Engineering,Pending,42
2728,user_2728,Engineering,Active,40
2729,user_2729,Finance,Pending,33
2730,user_2730,Security,Inactive,28
2731,user_2731,Operations,Pending,45
2732,user_2732,Engineering,Active,30
2733,user_2733,Security,Pending,54
2734,user_2734,Security,Inactive,38
2735,user_2735,Security,Inactive,29
2736,user_2736,Security,Pending,81
2737,user_2737,Operations,Pending,59
2738,user_2738,Engineering,Inactive,30
2739,user_2739,Finance,Pending,21
2740,user_2740,Finance,Inactive,93
2741,user_2741,Engineering,Active,97
2742,user_2742,Engineering,Inactive,52
2743,user_2743,Engineering,Inactive,55
2744,user_2744,Operations,Active,39
2745,user_2745,Operations,Pending,11
2746,user_2746,Engineering,Inactive,92
2747,user_2747,Operations,Active,12
2748,user_2748,Operations,Inactive,45
2749,user_2749,Engineering,Inactive,26
2750,user_2750,Engineering,Active,88
2751,user_2751,Security,Active,57
2752,user_2752,Operations,Pending,52
2753,user_2753,Security,Pending,52
2754,user_2754,Operations,Pending,11
2755,user_2755,Finance,Active,29
2756,user_2756,Security,Active,18
2757,user_2757,Security,Inactive,6
2758,user_2758,Engineering,Active,13
2759,user_2759,Finance,Inactive,36
2760,user_2760,Finance,Active,59
2761,user_2761,Engineering,Inactive,70
2762,user_2762,Finance,Pending,80
2763,user_2763,Security,Active,97
2764,user_2764,Finance,Active,35
2765,user_2765,Finance,Inactive,42
2766,user_2766,Finance,Active,60
2767,user_2767,Engineering,Inactive,18
2768,user_2768,Finance,Inactive,82
2769,user_2769,Operations,Active,95
2770,user_2770,Operations,Inactive,100
2771,user_2771,Finance,Pending,34
2772,user_2772,Security,Inactive,90
2773,user_2773,Engineering,Inactive,42
2774,user_2774,Operations,Pending,13
2775,user_2775,Operations,Inactive,3
2776,user_2776,Operations,Pending,78
2777,user_2777,Operations,Active,17
2778,user_2778,Operations,Active,59
2779,user_2779,Security,Pending,62
2780,user_2780,Engineering,Pending,86
2781,user_2781,Security,Pending,70
2782,user_2782,Operations,Inactive,90
2783,user_2783,Operations,Active,26
2784,user_2784,Operations,Active,83
2785,user_2785,Security,Active,82
2786,user_2786,Engineering,Active,44
2787,user_2787,Operations,Pending,76
2788,user_2788,Finance,Inactive,36
2789,user_2789,Security,Active,78
2790,user_2790,Finance,Pending,91
2791,user_2791,Operations,Inactive,17
2792,user_2792,Engineering,Active,20
2793,user_2793,Engineering,Pending,24
2794,user_2794,Finance,Inactive,84
2795,user_2795,Finance,Active,54
2796,user_2796,Engineering,Inactive,40
2797,user_2797,Engineering,Active,18
2798,user_2798,Operations,Pending,65
2799,user_2799,Operations,Active,100
2800,user_2800,Finance,Pending,4
2801,user_2801,Finance,Inactive,78
2802,user_2802,Operations,Active,3
2803,user_2803,Engineering,Active,7
2804,user_2804,Operations,Active,66
2805,user_2805,Security,Pending,27
2806,user_2806,Finance,Pending,28
2807,user_2807,Operations,Inactive,57
2808,user_2808,Operations,Inactive,57
2809,user_2809,Operations,Active,12
2810,user_2810,Security,Inactive,75
2811,user_2811,Operations,Pending,9
2812,user_2812,Operations,Active,14
2813,user_2813,Security,Pending,52
2814,user_2814,Finance,Active,74
2815,user_2815,Operations,Pending,65
2816,user_2816,Operations,Pending,78
2817,user_2817,Operations,Active,18
2818,user_2818,Finance,Active,11
2819,user_2819,Engineering,Inactive,60
2820,user_2820,Engineering,Pending,32
2821,user_2821,Operations,Pending,12
2822,user_2822,Finance,Pending,30
2823,user_2823,Finance,Pending,90
2824,user_2824,Security,Pending,43
2825,user_2825,Operations,Active,84
2826,user_2826,Operations,Inactive,88
2827,user_2827,Engineering,Active,33
2828,user_2828,Engineering,Active,7
2829,user_2829,Operations,Inactive,11
2830,user_2830,Security,Active,11
2831,user_2831,Security,Active,12
2832,user_2832,Security,Active,80
2833,user_2833,Engineering,Pending,49
2834,user_2834,Engineering,Active,99
2835,user_2835,Security,Pending,85
2836,user_2836,Operations,Pending,47
2837,user_2837,Security,Inactive,72
2838,user_2838,Operations,Inactive,14
2839,user_2839,Security,Pending,33
2840,user_2840,Operations,Active,73
2841,user_2841,Finance,Inactive,14
2842,user_2842,Security,Pending,69
2843,user_2843,Security,Active,23
2844,user_2844,Operations,Pending,22
2845,user_2845,Operations,Inactive,27
2846,user_2846,Engineering,Active,4
2847,user_2847,Security,Active,75
2848,user_2848,Finance,Active,83
2849,user_2849,Engineering,Pending,91
2850,user_2850,Engineering,Active,51
2851,user_2851,Engineering,Inactive,95
2852,user_2852,Finance,Active,95
2853,user_2853,Security,Pending,53
2854,user_2854,Operations,Active,51
2855,user_2855,Security,Active,66
2856,user_2856,Security,Inactive,22
2857,user_2857,Engineering,Active,59
2858,user_2858,Security,Inactive,9
2859,user_2859,Operations,Pending,78
2860,user_2860,Finance,Inactive,57
2861,user_2861,Operations,Active,60
2862,user_2862,Finance,Active,54
2863,user_2863,Engineering,Pending,43
2864,user_2864,Finance,Active,99
2865,user_2865,Engineering,Pending,72
2866,user_2866,Engineering,Pending,24
2867,user_2867,Engineering,Inactive,37
2868,user_2868,Engineering,Pending,33
2869,user_2869,Security,Pending,58
2870,user_2870,Security,Active,45
2871,user_2871,Security,Inactive,59
2872,user_2872,Engineering,Inactive,41
2873,user_2873,Finance,Pending,83
2874,user_2874,Engineering,Inactive,51
2875,user_2875,Security,Inactive,45
2876,user_2876,Operations,Active,12
2877,user_2877,Finance,Inactive,90
2878,user_2878,Security,Inactive,54
2879,user_2879,Security,Active,30
2880,user_2880,Finance,Active,78
2881,user_2881,Finance,Active,49
2882,user_2882,Operations,Pending,12
2883,user_2883,Engineering,Inactive,9
2884,user_2884,Finance,Inactive,89
2885,user_2885,Security,Pending,46
2886,user_2886,Operations,Active,36
2887,user_2887,Operations,Active,25
2888,user_2888,Operations,Pending,19
2889,user_2889,Security,Inactive,15
2890,user_2890,Security,Pending,54
2891,user_2891,Engineering,Active,8
2892,user_2892,Operations,Inactive,96
2893,user_2893,Security,Active,45
2894,user_2894,Operations,Inactive,100
2895,user_2895,Engineering,Pending,88
2896,user_2896,Operations,Inactive,81
2897,user_2897,Operations,Pending,51
2898,user_2898,Operations,Active,93
2899,user_2899,Operations,Active,54
2900,user_2900,Security,Pending,47
2901,user_2901,Security,Inactive,100
2902,user_2902,Operations,Inactive,52
2903,user_2903,Operations,Pending,84
2904,user_2904,Security,Inactive,54
2905,user_2905,Finance,Active,95
2906,user_2906,Operations,Pending,22
2907,user_2907,Engineering,Pending,47
2908,user_2908,Engineering,Pending,58
2909,user_2909,Finance,Inactive,47
2910,user_2910,Security,Active,100
2911,user_2911,Finance,Active,58
2912,user_2912,Operations,Inactive,29
2913,user_2913,Finance,Inactive,55
2914,user_2914,Finance,Inactive,33
2915,user_2915,Security,Inactive,51
2916,user_2916,Engineering,Inactive,80
2917,user_2917,Operations,Active,32
2918,user_2918,Security,Inactive,31
2919,user_2919,Operations,Inactive,29
2920,user_2920,Security,Active,48
2921,user_2921,Finance,Inactive,88
2922,user_2922,Security,Active,35
2923,user_2923,Finance,Pending,86
2924,user_2924,Security,Active,23
2925,user_2925,Engineering,Active,91
2926,user_2926,Security,Pending,7
2927,user_2927,Operations,Active,39
2928,user_2928,Finance,Active,49
2929,user_2929,Engineering,Active,74
2930,user_2930,Security,Inactive,21
2931,user_2931,Security,Active,2
2932,user_2932,Finance,Active,32
2933,user_2933,Security,Pending,26
2934,user_2934,Operations,Inactive,67
2935,user_2935,Engineering,Active,42
2936,user_2936,Finance,Inactive,82
2937,user_2937,Security,Active,10
2938,user_2938,Finance,Inactive,36
2939,user_2939,Security,Active,60
2940,user_2940,Operations,Pending,63
2941,user_2941,Engineering,Active,79
2942,user_2942,Operations,Inactive,12
2943,user_2943,Security,Active,15
2944,user_2944,Security,Active,62
2945,user_2945,Operations,Pending,23
2946,user_2946,Engineering,Pending,7
2947,user_2947,Operations,Active,78
2948,user_2948,Operations,Pending,45
2949,user_2949,Engineering,Active,73
2950,user_2950,Engineering,Pending,57
2951,user_2951,Engineering,Inactive,93
2952,user_2952,Operations,Inactive,17
2953,user_2953,Engineering,Pending,88
2954,user_2954,Security,Pending,100
2955,user_2955,Finance,Pending,32
2956,user_2956,Finance,Pending,1
2957,user_2957,Security,Pending,57
2958,user_2958,Security,Pending,83
2959,user_2959,Finance,Active,72
2960,user_2960,Engineering,Pending,70
2961,user_2961,Finance,Pending,98
2962,user_2962,Finance,Inactive,71
2963,user_2963,Security,Pending,11
2964,user_2964,Security,Inactive,7
2965,user_2965,Engineering,Active,59
2966,user_2966,Finance,Inactive,24
2967,user_2967,Finance,Pending,34
2968,user_2968,Finance,Inactive,36
2969,user_2969,Finance,Pending,33
2970,user_2970,Engineering,Pending,40
2971,user_2971,Operations,Pending,42
2972,user_2972,Security,Pending,40
2973,user_2973,Operations,Inactive,8
2974,user_2974,Security,Active,5
2975,user_2975,Security,Inactive,3
2976,user_2976,Engineering,Pending,22
2977,user_2977,Security,Inactive,57
2978,user_2978,Operations,Pending,37
2979,user_2979,Security,Inactive,95
2980,user_2980,Engineering,Pending,13
2981,user_2981,Operations,Inactive,26
2982,user_2982,Engineering,Pending,97
2983,user_2983,Finance,Inactive,58
2984,user_2984,Operations,Pending,42
2985,user_2985,Finance,Active,74
2986,user_2986,Engineering,Active,73
2987,user_2987,Operations,Inactive,94
2988,user_2988,Finance,Inactive,22
2989,user_2989,Operations,Active,24
2990,user_2990,Operations,Active,75
2991,user_2991,Finance,Inactive,18
2992,user_2992,Security,Inactive,10
2993,user_2993,Engineering,Inactive,18
2994,user_2994,Security,Pending,98
2995,user_2995,Operations,Pending,85
2996,user_2996,Operations,Pending,37
2997,user_2997,Engineering,Inactive,80
2998,user_2998,Engineering,Pending,17
2999,user_2999,Finance,Pending,26
3000,user_3000,Operations,Active,56
3001,user_3001,Operations,Pending,44
3002,user_3002,Operations,Active,58
3003,user_3003,Engineering,Pending,28
3004,user_3004,Security,Pending,85
3005,user_3005,Security,Active,94
3006,user_3006,Engineering,Pending,71
3007,user_3007,Security,Inactive,60
3008,user_3008,Operations,Inactive,59
3009,user_3009,Finance,Pending,77
3010,user_3010,Operations,Pending,96
3011,user_3011,Operations,Inactive,30
3012,user_3012,Engineering,Inactive,12
3013,user_3013,Security,Active,100
3014,user_3014,Engineering,Active,56
3015,user_3015,Operations,Active,35
3016,user_3016,Operations,Active,46
3017,user_3017,Security,Active,31
3018,user_3018,Finance,Pending,58
3019,user_3019,Finance,Inactive,20
3020,user_3020,Security,Pending,15
3021,user_3021,Operations,Active,42
3022,user_3022,Finance,Inactive,60
3023,user_3023,Security,Active,63
3024,user_3024,Finance,Pending,8
3025,user_3025,Finance,Active,14
3026,user_3026,Finance,Active,70
3027,user_3027,Finance,Active,31
3028,user_3028,Operations,Active,97
3029,user_3029,Finance,Inactive,22
3030,user_3030,Operations,Pending,40
3031,user_3031,Security,Active,76
3032,user_3032,Operations,Inactive,53
3033,user_3033,Operations,Active,69
3034,user_3034,Engineering,Inactive,78
3035,user_3035,Operations,Pending,57
3036,user_3036,Engineering,Pending,16
3037,user_3037,Security,Inactive,21
3038,user_3038,Operations,Pending,57
3039,user_3039,Security,Active,5
3040,user_3040,Security,Inactive,93
3041,user_3041,Operations,Active,67
3042,user_3042,Engineering,Active,56
3043,user_3043,Engineering,Inactive,53
3044,user_3044,Finance,Active,5
3045,user_3045,Security,Pending,99
3046,user_3046,Engineering,Active,76
3047,user_3047,Finance,Inactive,39
3048,user_3048,Engineering,Active,75
3049,user_3049,Engineering,Inactive,83
3050,user_3050,Finance,Pending,54
3051,user_3051,Operations,Active,16
3052,user_3052,Finance,Pending,49
3053,user_3053,Finance,Active,2
3054,user_3054,Operations,Pending,59
3055,user_3055,Operations,Inactive,2
3056,user_3056,Security,Active,61
3057,user_3057,Finance,Active,54
3058,user_3058,Operations,Inactive,71
3059,user_3059,Security,Active,90
3060,user_3060,Security,Pending,53
3061,user_3061,Finance,Pending,52
3062,user_3062,Operations,Inactive,18
3063,user_3063,Operations,Inactive,21
3064,user_3064,Engineering,Inactive,71
3065,user_3065,Engineering,Inactive,94
3066,user_3066,Finance,Inactive,21
3067,user_3067,Operations,Pending,9
3068,user_3068,Security,Inactive,49
3069,user_3069,Operations,Pending,36
3070,user_3070,Operations,Active,65
3071,user_3071,Operations,Active,65
3072,user_3072,Engineering,Pending,84
3073,user_3073,Engineering,Active,90
3074,user_3074,Finance,Pending,82
3075,user_3075,Finance,Pending,18
3076,user_3076,Security,Active,43
3077,user_3077,Finance,Active,82
3078,user_3078,Engineering,Inactive,74
3079,user_3079,Security,Active,14
3080,user_3080,Operations,Active,89
3081,user_3081,Security,Inactive,36
3082,user_3082,Finance,Pending,48
3083,user_3083,Security,Active,79
3084,user_3084,Engineering,Inactive,4
3085,user_3085,Finance,Pending,16
3086,user_3086,Finance,Pending,50
3087,user_3087,Finance,Inactive,20
3088,user_3088,Engineering,Inactive,46
3089,user_3089,Finance,Pending,55
3090,user_3090,Finance,Active,76
3091,user_3091,Engineering,Pending,99
3092,user_3092,Engineering,Active,85
3093,user_3093,Security,Active,22
3094,user_3094,Operations,Inactive,8
3095,user_3095,Finance,Pending,85
3096,user_3096,Security,Pending,58
3097,user_3097,Operations,Inactive,56
3098,user_3098,Operations,Pending,62
3099,user_3099,Operations,Active,42
3100,user_3100,Finance,Pending,82
3101,user_3101,Operations,Pending,85
3102,user_3102,Security,Pending,37
3103,user_3103,Security,Active,2
3104,user_3104,Finance,Active,8
3105,user_3105,Engineering,Active,58
3106,user_3106,Security,Active,77
3107,user_3107,Operations,Inactive,54
3108,user_3108,Engineering,Active,38
3109,user_3109,Security,Active,26
3110,user_3110,Engineering,Inactive,72
3111,user_3111,Operations,Active,99
3112,user_3112,Finance,Active,98
3113,user_3113,Security,Active,90
3114,user_3114,Security,Active,27
3115,user_3115,Operations,Inactive,3
3116,user_3116,Finance,Inactive,24
3117,user_3117,Operations,Inactive,83
3118,user_3118,Engineering,Inactive,42
3119,user_3119,Security,Pending,32
3120,user_3120,Finance,Pending,86
3121,user_3121,Operations,Pending,51
3122,user_3122,Finance,Inactive,54
3123,user_3123,Engineering,Inactive,61
3124,user_3124,Security,Pending,48
3125,user_3125,Operations,Active,96
3126,user_3126,Engineering,Inactive,77
3127,user_3127,Operations,Active,100
3128,user_3128,Security,Inactive,20
3129,user_3129,Operations,Pending,36
3130,user_3130,Security,Inactive,15
3131,user_3131,Engineering,Inactive,82
3132,user_3132,Security,Inactive,37
3133,user_3133,Finance,Inactive,27
3134,user_3134,Security,Active,81
3135,user_3135,Security,Inactive,77
3136,user_3136,Security,Pending,59
3137,user_3137,Operations,Pending,6
3138,user_3138,Operations,Active,37
3139,user_3139,Finance,Active,49
3140,user_3140,Operations,Inactive,0
3141,user_3141,Finance,Pending,100
3142,user_3142,Security,Inactive,48
3143,user_3143,Engineering,Active,95
3144,user_3144,Finance,Active,51
3145,user_3145,Engineering,Active,12
3146,user_3146,Finance,Inactive,54
3147,user_3147,Security,Inactive,86
3148,user_3148,Security,Pending,65
3149,user_3149,Security,Inactive,6
3150,user_3150,Operations,Active,78
3151,user_3151,Engineering,Pending,26
3152,user_3152,Security,Inactive,19
3153,user_3153,Engineering,Inactive,93
3154,user_3154,Engineering,Pending,81
3155,user_3155,Security,Inactive,22
3156,user_3156,Security,Active,98
3157,user_3157,Engineering,Inactive,69
3158,user_3158,Engineering,Active,23
3159,user_3159,Security,Active,36
3160,user_3160,Operations,Pending,39
3161,user_3161,Security,Active,82
3162,user_3162,Finance,Pending,16
3163,user_3163,Engineering,Pending,18
3164,user_3164,Operations,Active,79
3165,user_3165,Security,Inactive,31
3166,user_3166,Operations,Inactive,64
3167,user_3167,Security,Inactive,3
3168,user_3168,Finance,Active,17
3169,user_3169,Engineering,Pending,62
3170,user_3170,Security,Active,48
3171,user_3171,Finance,Inactive,25
3172,user_3172,Security,Pending,51
3173,user_3173,Engineering,Pending,37
3174,user_3174,Operations,Active,56
3175,user_3175,Security,Active,15
3176,user_3176,Engineering,Inactive,89
3177,user_3177,Operations,Inactive,0
3178,user_3178,Finance,Inactive,13
3179,user_3179,Security,Active,44
3180,user_3180,Security,Pending,30
3181,user_3181,Security,Active,69
3182,user_3182,Finance,Inactive,75
3183,user_3183,Operations,Pending,62
3184,user_3184,Operations,Pending,82
3185,user_3185,Operations,Inactive,3
3186,user_3186,Engineering,Active,62
3187,user_3187,Finance,Active,3
3188,user_3188,Finance,Active,87
3189,user_3189,Operations,Pending,17
3190,user_3190,Finance,Active,42
3191,user_3191,Engineering,Inactive,18
3192,user_3192,Finance,Inactive,95
3193,user_3193,Operations,Active,50
3194,user_3194,Finance,Active,77
3195,user_3195,Security,Inactive,100
3196,user_3196,Security,Inactive,35
3197,user_3197,Security,Active,37
3198,user_3198,Operations,Active,21
3199,user_3199,Security,Pending,68
3200,user_3200,Finance,Inactive,68
3201,user_3201,Finance,Pending,90
3202,user_3202,Operations,Pending,33
3203,user_3203,Operations,Active,8
3204,user_3204,Security,Pending,21
3205,user_3205,Finance,Pending,56
3206,user_3206,Finance,Active,18
3207,user_3207,Security,Pending,23
3208,user_3208,Operations,Inactive,57
3209,user_3209,Finance,Active,5
3210,user_3210,Security,Inactive,77
3211,user_3211,Operations,Active,17
3212,user_3212,Operations,Pending,76
3213,user_3213,Finance,Active,36
3214,user_3214,Finance,Inactive,50
3215,user_3215,Operations,Pending,95
3216,user_3216,Engineering,Inactive,3
3217,user_3217,Engineering,Pending,28
3218,user_3218,Security,Pending,44
3219,user_3219,Operations,Pending,54
3220,user_3220,Operations,Pending,95
3221,user_3221,Engineering,Pending,92
3222,user_3222,Finance,Active,46
3223,user_3223,Engineering,Active,94
3224,user_3224,Operations,Pending,81
3225,user_3225,Operations,Inactive,45
3226,user_3226,Engineering,Pending,97
3227,user_3227,Operations,Inactive,42
3228,user_3228,Engineering,Pending,54
3229,user_3229,Engineering,Inactive,29
3230,user_3230,Security,Active,5
3231,user_3231,Finance,Pending,67
3232,user_3232,Operations,Active,32
3233,user_3233,Engineering,Inactive,48
3234,user_3234,Operations,Inactive,84
3235,user_3235,Engineering,Pending,80
3236,user_3236,Engineering,Inactive,68
3237,user_3237,Finance,Pending,72
3238,user_3238,Security,Active,68
3239,user_3239,Security,Inactive,13
3240,user_3240,Finance,Pending,10
3241,user_3241,Engineering,Inactive,32
3242,user_3242,Security,Pending,29
3243,user_3243,Finance,Pending,62
3244,user_3244,Finance,Active,19
3245,user_3245,Operations,Pending,92
3246,user_3246,Security,Pending,47
3247,user_3247,Engineering,Inactive,95
3248,user_3248,Operations,Active,21
3249,user_3249,Security,Inactive,20
3250,user_3250,Finance,Inactive,98
3251,user_3251,Security,Active,50
3252,user_3252,Operations,Active,48
3253,user_3253,Operations,Active,78
3254,user_3254,Security,Active,2
3255,user_3255,Engineering,Active,53
3256,user_3256,Engineering,Active,91
3257,user_3257,Finance,Active,44
3258,user_3258,Security,Active,84
3259,user_3259,Finance,Inactive,93
3260,user_3260,Engineering,Pending,61
3261,user_3261,Operations,Active,81
3262,user_3262,Engineering,Pending,79
3263,user_3263,Operations,Active,72
3264,user_3264,Finance,Active,95
3265,user_3265,Security,Inactive,2
3266,user_3266,Security,Inactive,67
3267,user_3267,Finance,Active,91
3268,user_3268,Engineering,Inactive,48
3269,user_3269,Engineering,Inactive,38
3270,user_3270,Engineering,Inactive,94
3271,user_3271,Security,Active,6
3272,user_3272,Security,Pending,51
3273,user_3273,Finance,Active,22
3274,user_3274,Finance,Active,3
3275,user_3275,Finance,Pending,15
3276,user_3276,Finance,Active,82
3277,user_3277,Operations,Active,29
3278,user_3278,Finance,Pending,27
3279,user_3279,Operations,Inactive,44
3280,user_3280,Operations,Active,52
3281,user_3281,Finance,Pending,23
3282,user_3282,Engineering,Active,73
3283,user_3283,Operations,Pending,12
3284,user_3284,Operations,Pending,98
3285,user_3285,Security,Pending,14
3286,user_3286,Operations,Inactive,26
3287,user_3287,Operations,Inactive,73
3288,user_3288,Finance,Active,23
3289,user_3289,Operations,Inactive,68
3290,user_3290,Operations,Pending,70
3291,user_3291,Security,Inactive,15
3292,user_3292,Security,Active,72
3293,user_3293,Security,Active,71
3294,user_3294,Operations,Inactive,76
3295,user_3295,Finance,Active,12
3296,user_3296,Operations,Pending,90
3297,user_3297,Finance,Pending,27
3298,user_3298,Operations,Inactive,37
3299,user_3299,Finance,Active,82
3300,user_3300,Security,Active,23
3301,user_3301,Finance,Pending,37
3302,user_3302,Engineering,Inactive,92
3303,user_3303,Operations,Pending,60
3304,user_3304,Operations,Pending,17
3305,user_3305,Engineering,Active,96
3306,user_3306,Operations,Active,58
3307,user_3307,Security,Inactive,50
3308,user_3308,Security,Inactive,49
3309,user_3309,Operations,Pending,84
3310,user_3310,Security,Inactive,80
3311,user_3311,Engineering,Pending,52
3312,user_3312,Operations,Pending,37
3313,user_3313,Finance,Active,86
3314,user_3314,Operations,Inactive,87
3315,user_3315,Operations,Active,42
3316,user_3316,Operations,Pending,65
3317,user_3317,Finance,Active,32
3318,user_3318,Operations,Inactive,37
3319,user_3319,Engineering,Inactive,34
3320,user_3320,Engineering,Active,68
3321,user_3321,Security,Inactive,11
3322,user_3322,Operations,Active,73
3323,user_3323,Operations,Inactive,12
3324,user_3324,Finance,Inactive,52
3325,user_3325,Operations,Inactive,19
3326,user_3326,Finance,Inactive,80
3327,user_3327,Operations,Inactive,63
3328,user_3328,Operations,Inactive,71
3329,user_3329,Security,Pending,55
3330,user_3330,Finance,Active,70
3331,user_3331,Security,Inactive,61
3332,user_3332,Finance,Inactive,87
3333,user_3333,Security,Active,51
3334,user_3334,Engineering,Pending,92
3335,user_3335,Operations,Pending,78
3336,user_3336,Engineering,Inactive,93
3337,user_3337,Engineering,Pending,98
3338,user_3338,Security,Pending,90
3339,user_3339,Engineering,Active,100
3340,user_3340,Operations,Active,90
3341,user_3341,Security,Inactive,63
3342,user_3342,Security,Inactive,66
3343,user_3343,Security,Inactive,65
3344,user_3344,Finance,Pending,85
3345,user_3345,Operations,Active,69
3346,user_3346,Finance,Inactive,29
3347,user_3347,Security,Active,98
3348,user_3348,Engineering,Active,95
3349,user_3349,Security,Active,45
3350,user_3350,Engineering,Pending,48
3351,user_3351,Engineering,Active,95
3352,user_3352,Finance,Pending,65
3353,user_3353,Finance,Pending,19
3354,user_3354,Operations,Pending,21
3355,user_3355,Operations,Active,81
3356,user_3356,Security,Active,34
3357,user_3357,Security,Pending,51
3358,user_3358,Operations,Active,32
3359,user_3359,Engineering,Active,54
3360,user_3360,Operations,Pending,80
3361,user_3361,Operations,Active,95
3362,user_3362,Security,Active,62
3363,user_3363,Engineering,Pending,44
3364,user_3364,Engineering,Inactive,67
3365,user_3365,Engineering,Active,51
3366,user_3366,Security,Active,17
3367,user_3367,Finance,Inactive,16
3368,user_3368,Finance,Active,16
3369,user_3369,Finance,Inactive,13
3370,user_3370,Operations,Active,4
3371,user_3371,Security,Pending,80
3372,user_3372,Security,Pending,73
3373,user_3373,Finance,Active,68
3374,user_3374,Finance,Pending,77
3375,user_3375,Engineering,Inactive,12
3376,user_3376,Security,Active,63
3377,user_3377,Engineering,Inactive,42
3378,user_3378,Engineering,Active,71
3379,user_3379,Finance,Pending,67
3380,user_3380,Finance,Inactive,19
3381,user_3381,Security,Active,52
3382,user_3382,Operations,Inactive,2
3383,user_3383,Security,Active,51
3384,user_3384,Finance,Inactive,63
3385,user_3385,Engineering,Active,86
3386,user_3386,Engineering,Pending,62
3387,user_3387,Security,Pending,39
3388,user_3388,Engineering,Pending,61
3389,user_3389,Security,Inactive,82
3390,user_3390,Engineering,Pending,72
3391,user_3391,Operations,Active,54
3392,user_3392,Engineering,Active,92
3393,user_3393,Finance,Pending,26
3394,user_3394,Engineering,Active,68
3395,user_3395,Security,Active,16
3396,user_3396,Operations,Inactive,56
3397,user_3397,Finance,Inactive,82
3398,user_3398,Engineering,Active,16
3399,user_3399,Security,Inactive,4
3400,user_3400,Operations,Inactive,91
3401,user_3401,Security,Pending,6
3402,user_3402,Finance,Inactive,85
3403,user_3403,Finance,Active,20
3404,user_3404,Security,Inactive,60
3405,user_3405,Operations,Pending,89
3406,user_3406,Finance,Pending,93
3407,user_3407,Operations,Inactive,31
3408,user_3408,Security,Inactive,78
3409,user_3409,Operations,Inactive,15
3410,user_3410,Security,Inactive,70
3411,user_3411,Engineering,Pending,99
3412,user_3412,Security,Pending,63
3413,user_3413,Operations,Pending,62
3414,user_3414,Operations,Inactive,62
3415,user_3415,Security,Inactive,40
3416,user_3416,Engineering,Pending,64
3417,user_3417,Finance,Pending,35
3418,user_3418,Finance,Active,84
3419,user_3419,Operations,Inactive,69
3420,user_3420,Security,Inactive,45
3421,user_3421,Finance,Inactive,5
3422,user_3422,Operations,Active,94
3423,user_3423,Operations,Pending,71
3424,user_3424,Finance,Inactive,68
3425,user_3425,Finance,Pending,36
3426,user_3426,Finance,Active,34
3427,user_3427,Operations,Inactive,71
3428,user_3428,Security,Pending,56
3429,user_3429,Security,Pending,91
3430,user_3430,Operations,Inactive,33
3431,user_3431,Engineering,Inactive,76
3432,user_3432,Engineering,Inactive,43
3433,user_3433,Engineering,Active,23
3434,user_3434,Engineering,Inactive,34
3435,user_3435,Security,Active,88
3436,user_3436,Security,Inactive,57
3437,user_3437,Finance,Active,74
3438,user_3438,Operations,Active,67
3439,user_3439,Engineering,Active,51
3440,user_3440,Finance,Inactive,14
3441,user_3441,Engineering,Inactive,85
3442,user_3442,Finance,Pending,2
3443,user_3443,Finance,Active,41
3444,user_3444,Finance,Pending,60
3445,user_3445,Security,Inactive,79
3446,user_3446,Security,Inactive,46
3447,user_3447,Security,Pending,35
3448,user_3448,Finance,Active,95
3449,user_3449,Engineering,Pending,31
3450,user_3450,Engineering,Inactive,58
3451,user_3451,Security,Inactive,46
3452,user_3452,Operations,Active,29
3453,user_3453,Engineering,Active,69
3454,user_3454,Security,Active,6
3455,user_3455,Engineering,Inactive,39
3456,user_3456,Operations,Active,12
3457,user_3457,Engineering,Active,67
3458,user_3458,Engineering,Inactive,98
3459,user_3459,Operations,Active,29
3460,user_3460,Operations,Active,2
3461,user_3461,Finance,Active,99
3462,user_3462,Engineering,Pending,56
3463,user_3463,Operations,Active,54
3464,user_3464,Finance,Inactive,10
3465,user_3465,Finance,Pending,51
3466,user_3466,Engineering,Inactive,81
3467,user_3467,Operations,Inactive,61
3468,user_3468,Finance,Pending,71
3469,user_3469,Security,Inactive,7
3470,user_3470,Operations,Active,72
3471,user_3471,Engineering,Active,95
3472,user_3472,Security,Active,23
3473,user_3473,Engineering,Active,24
3474,user_3474,Finance,Pending,96
3475,user_3475,Finance,Inactive,14
3476,user_3476,Operations,Inactive,5
3477,user_3477,Finance,Inactive,91
3478,user_3478,Operations,Active,53
3479,user_3479,Security,Active,49
3480,user_3480,Security,Active,59
3481,user_3481,Operations,Active,24
3482,user_3482,Operations,Active,47
3483,user_3483,Engineering,Pending,64
3484,user_3484,Security,Pending,55
3485,user_3485,Engineering,Inactive,8
3486,user_3486,Security,Pending,54
3487,user_3487,Security,Active,24
3488,user_3488,Engineering,Active,71
3489,user_3489,Operations,Inactive,81
3490,user_3490,Operations,Active,91
3491,user_3491,Finance,Active,12
3492,user_3492,Security,Pending,76
3493,user_3493,Finance,Inactive,43
3494,user_3494,Security,Inactive,54
3495,user_3495,Engineering,Pending,93
3496,user_3496,Security,Active,2
3497,user_3497,Operations,Active,89
3498,user_3498,Operations,Pending,47
3499,user_3499,Security,Active,17
3500,user_3500,Finance,Pending,64
3501,user_3501,Finance,Inactive,19
3502,user_3502,Security,Pending,71
3503,user_3503,Security,Inactive,13
3504,user_3504,Finance,Pending,70
3505,user_3505,Engineering,Inactive,18
3506,user_3506,Engineering,Inactive,89
3507,user_3507,Finance,Inactive,47
3508,user_3508,Engineering,Active,62
3509,user_3509,Security,Active,98
3510,user_3510,Security,Active,4
3511,user_3511,Finance,Pending,12
3512,user_3512,Security,Active,45
3513,user_3513,Finance,Active,44
3514,user_3514,Security,Pending,99
3515,user_3515,Security,Inactive,54
3516,user_3516,Security,Pending,50
3517,user_3517,Finance,Active,85
3518,user_3518,Security,Active,100
3519,user_3519,Security,Active,53
3520,user_3520,Operations,Pending,31
3521,user_3521,Finance,Active,37
3522,user_3522,Finance,Active,5
3523,user_3523,Engineering,Inactive,93
3524,user_3524,Engineering,Active,69
3525,user_3525,Engineering,Inactive,12
3526,user_3526,Security,Inactive,84
3527,user_3527,Engineering,Active,53
3528,user_3528,Security,Active,36
3529,user_3529,Engineering,Pending,0
3530,user_3530,Operations,Active,64
3531,user_3531,Engineering,Active,38
3532,user_3532,Security,Pending,67
3533,user_3533,Security,Inactive,57
3534,user_3534,Finance,Inactive,39
3535,user_3535,Engineering,Active,8
3536,user_3536,Security,Pending,96
3537,user_3537,Operations,Active,90
3538,user_3538,Security,Active,29
3539,user_3539,Security,Pending,81
3540,user_3540,Operations,Active,81
3541,user_3541,Engineering,Inactive,97
3542,user_3542,Operations,Active,27
3543,user_3543,Security,Pending,92
3544,user_3544,Finance,Inactive,39
3545,user_3545,Operations,Pending,11
3546,user_3546,Finance,Pending,41
3547,user_3547,Operations,Active,4
3548,user_3548,Engineering,Active,87
3549,user_3549,Operations,Inactive,73
3550,user_3550,Engineering,Active,56
3551,user_3551,Security,Pending,10
3552,user_3552,Operations,Pending,62
3553,user_3553,Operations,Inactive,88
3554,user_3554,Security,Inactive,2
3555,user_3555,Engineering,Pending,92
3556,user_3556,Security,Active,90
3557,user_3557,Operations,Pending,27
3558,user_3558,Operations,Active,42
3559,user_3559,Finance,Inactive,40
3560,user_3560,Engineering,Active,58
3561,user_3561,Engineering,Inactive,34
3562,user_3562,Security,Pending,13
3563,user_3563,Finance,Inactive,22
3564,user_3564,Finance,Inactive,7
3565,user_3565,Security,Active,45
3566,user_3566,Operations,Inactive,39
3567,user_3567,Finance,Inactive,12
3568,user_3568,Security,Inactive,64
3569,user_3569,Security,Inactive,36
3570,user_3570,Finance,Pending,87
3571,user_3571,Engineering,Pending,34
3572,user_3572,Engineering,Active,45
3573,user_3573,Finance,Active,25
3574,user_3574,Security,Active,25
3575,user_3575,Security,Active,40
3576,user_3576,Security,Inactive,19
3577,user_3577,Operations,Pending,89
3578,user_3578,Finance,Active,88
3579,user_3579,Security,Active,38
3580,user_3580,Security,Active,24
3581,user_3581,Security,Inactive,13
3582,user_3582,Security,Pending,5
3583,user_3583,Engineering,Pending,31
3584,user_3584,Finance,Active,80
3585,user_3585,Engineering,Inactive,86
3586,user_3586,Security,Active,80
3587,user_3587,Security,Active,9
3588,user_3588,Engineering,Pending,100
3589,user_3589,Operations,Pending,93
3590,user_3590,Finance,Active,49
3591,user_3591,Operations,Inactive,36
3592,user_3592,Security,Pending,10
3593,user_3593,Engineering,Inactive,67
3594,user_3594,Engineering,Pending,45
3595,user_3595,Engineering,Active,18
3596,user_3596,Engineering,Active,31
3597,user_3597,Engineering,Inactive,9
3598,user_3598,Operations,Active,32
3599,user_3599,Finance,Inactive,84
3600,user_3600,Engineering,Pending,46
3601,user_3601,Security,Active,45
3602,user_3602,Operations,Inactive,57
3603,user_3603,Operations,Pending,56
3604,user_3604,Operations,Pending,17
3605,user_3605,Finance,Active,92
3606,user_3606,Finance,Inactive,10
3607,user_3607,Security,Pending,99
3608,user_3608,Engineering,Active,94
3609,user_3609,Engineering,Active,78
3610,user_3610,Finance,Active,1
3611,user_3611,Operations,Pending,78
3612,user_3612,Engineering,Pending,97
3613,user_3613,Engineering,Inactive,7
3614,user_3614,Engineering,Pending,98
3615,user_3615,Engineering,Pending,17
3616,user_3616,Engineering,Pending,96
3617,user_3617,Operations,Active,44
3618,user_3618,Finance,Pending,82
3619,user_3619,Operations,Pending,45
3620,user_3620,Engineering,Inactive,8
3621,user_3621,Engineering,Active,92
3622,user_3622,Security,Inactive,53
3623,user_3623,Finance,Active,1
3624,user_3624,Security,Active,45
3625,user_3625,Security,Active,59
3626,user_3626,Engineering,Pending,34
3627,user_3627,Engineering,Active,52
3628,user_3628,Security,Active,57
3629,user_3629,Security,Pending,66
3630,user_3630,Finance,Inactive,96
3631,user_3631,Security,Pending,42
3632,user_3632,Engineering,Inactive,97
3633,user_3633,Security,Pending,75
3634,user_3634,Engineering,Active,73
3635,user_3635,Finance,Pending,92
3636,user_3636,Engineering,Active,40
3637,user_3637,Finance,Pending,88
3638,user_3638,Operations,Inactive,63
3639,user_3639,Operations,Pending,66
3640,user_3640,Operations,Pending,24
3641,user_3641,Security,Active,65
3642,user_3642,Operations,Inactive,64
3643,user_3643,Operations,Active,64
3644,user_3644,Operations,Active,56
3645,user_3645,Engineering,Inactive,1
3646,user_3646,Operations,Inactive,11
3647,user_3647,Engineering,Inactive,58
3648,user_3648,Security,Active,34
3649,user_3649,Operations,Pending,36
3650,user_3650,Engineering,Active,15
3651,user_3651,Finance,Inactive,16
3652,user_3652,Security,Active,49
3653,user_3653,Finance,Inactive,1
3654,user_3654,Operations,Pending,76
3655,user_3655,Operations,Pending,63
3656,user_3656,Security,Pending,34
3657,user_3657,Finance,Inactive,55
3658,user_3658,Engineering,Pending,23
3659,user_3659,Operations,Pending,93
3660,user_3660,Engineering,Inactive,59
3661,user_3661,Security,Active,80
3662,user_3662,Security,Active,36
3663,user_3663,Security,Inactive,92
3664,user_3664,Finance,Pending,34
3665,user_3665,Engineering,Pending,46
3666,user_3666,Operations,Active,39
3667,user_3667,Engineering,Pending,10
3668,user_3668,Engineering,Inactive,73
3669,user_3669,Engineering,Active,42
3670,user_3670,Engineering,Active,28
3671,user_3671,Security,Active,90
3672,user_3672,Engineering,Active,100
3673,user_3673,Security,Active,61
3674,user_3674,Finance,Active,28
3675,user_3675,Engineering,Pending,2
3676,user_3676,Finance,Pending,68
3677,user_3677,Finance,Inactive,79
3678,user_3678,Security,Active,73
3679,user_3679,Engineering,Pending,24
3680,user_3680,Finance,Inactive,34
3681,user_3681,Security,Inactive,65
3682,user_3682,Engineering,Active,64
3683,user_3683,Finance,Inactive,90
3684,user_3684,Security,Inactive,26
3685,user_3685,Finance,Inactive,73
3686,user_3686,Engineering,Active,9
3687,user_3687,Security,Active,21
3688,user_3688,Operations,Inactive,31
3689,user_3689,Engineering,Pending,72
3690,user_3690,Operations,Active,58
3691,user_3691,Operations,Pending,66
3692,user_3692,Security,Pending,64
3693,user_3693,Operations,Active,92
3694,user_3694,Operations,Pending,70
3695,user_3695,Security,Pending,58
3696,user_3696,Engineering,Pending,10
3697,user_3697,Finance,Pending,14
3698,user_3698,Operations,Inactive,74
3699,user_3699,Operations,Pending,66
3700,user_3700,Security,Pending,94
3701,user_3701,Security,Pending,35
3702,user_3702,Operations,Pending,56
3703,user_3703,Operations,Inactive,94
3704,user_3704,Security,Inactive,38
3705,user_3705,Security,Active,53
3706,user_3706,Security,Inactive,63
3707,user_3707,Engineering,Active,23
3708,user_3708,Finance,Inactive,69
3709,user_3709,Finance,Pending,96
3710,user_3710,Operations,Active,80
3711,user_3711,Security,Pending,44
3712,user_3712,Operations,Pending,26
3713,user_3713,Finance,Inactive,9
3714,user_3714,Operations,Active,50
3715,user_3715,Finance,Active,56
3716,user_3716,Engineering,Inactive,54
3717,user_3717,Finance,Inactive,53
3718,user_3718,Finance,Inactive,10
3719,user_3719,Security,Inactive,82
3720,user_3720,Engineering,Active,38
3721,user_3721,Engineering,Pending,89
3722,user_3722,Engineering,Inactive,18
3723,user_3723,Operations,Inactive,8
3724,user_3724,Engineering,Inactive,35
3725,user_3725,Engineering,Active,86
3726,user_3726,Security,Inactive,82
3727,user_3727,Finance,Inactive,13
3728,user_3728,Engineering,Active,62
3729,user_3729,Operations,Active,30
3730,user_3730,Operations,Inactive,47
3731,user_3731,Operations,Active,37
3732,user_3732,Operations,Inactive,86
3733,user_3733,Operations,Pending,100
3734,user_3734,Engineering,Pending,93
3735,user_3735,Finance,Pending,68
3736,user_3736,Operations,Pending,43
3737,user_3737,Finance,Active,35
3738,user_3738,Security,Pending,67
3739,user_3739,Engineering,Active,89
3740,user_3740,Finance,Pending,72
3741,user_3741,Engineering,Inactive,56
3742,user_3742,Operations,Pending,97
3743,user_3743,Operations,Pending,40
3744,user_3744,Engineering,Active,78
3745,user_3745,Finance,Active,10
3746,user_3746,Engineering,Inactive,49
3747,user_3747,Engineering,Inactive,9
3748,user_3748,Security,Pending,55
3749,user_3749,Engineering,Active,41
3750,user_3750,Security,Inactive,35
3751,user_3751,Engineering,Pending,15
3752,user_3752,Security,Pending,42
3753,user_3753,Operations,Active,23
3754,user_3754,Security,Pending,47
3755,user_3755,Operations,Inactive,18
3756,user_3756,Operations,Inactive,6
3757,user_3757,Finance,Inactive,16
3758,user_3758,Security,Active,3
3759,user_3759,Finance,Inactive,42
3760,user_3760,Operations,Active,36
3761,user_3761,Operations,Active,28
3762,user_3762,Operations,Pending,25
3763,user_3763,Security,Pending,27
3764,user_3764,Operations,Pending,11
3765,user_3765,Operations,Active,73
3766,user_3766,Engineering,Pending,72
3767,user_3767,Engineering,Active,30
3768,user_3768,Engineering,Inactive,2
3769,user_3769,Finance,Active,87
3770,user_3770,Finance,Pending,14
3771,user_3771,Finance,Pending,2
3772,user_3772,Security,Inactive,71
3773,user_3773,Finance,Pending,74
3774,user_3774,Security,Pending,32
3775,user_3775,Operations,Pending,1
3776,user_3776,Operations,Inactive,17
3777,user_3777,Engineering,Inactive,82
3778,user_3778,Operations,Inactive,72
3779,user_3779,Operations,Inactive,0
3780,user_3780,Engineering,Active,71
3781,user_3781,Engineering,Pending,78
3782,user_3782,Operations,Active,42
3783,user_3783,Engineering,Inactive,30
3784,user_3784,Security,Pending,26
3785,user_3785,Finance,Pending,1
3786,user_3786,Finance,Active,22
3787,user_3787,Finance,Inactive,5
3788,user_3788,Engineering,Active,33
3789,user_3789,Engineering,Active,50
3790,user_3790,Operations,Pending,23
3791,user_3791,Operations,Active,7
3792,user_3792,Finance,Inactive,66
3793,user_3793,Security,Inactive,4
3794,user_3794,Operations,Active,31
3795,user_3795,Operations,Inactive,97
3796,user_3796,Security,Active,59
3797,user_3797,Security,Active,68
3798,user_3798,Finance,Inactive,59
3799,user_3799,Finance,Inactive,79
3800,user_3800,Finance,Pending,99
3801,user_3801,Engineering,Pending,71
3802,user_3802,Engineering,Inactive,75
3803,user_3803,Operations,Pending,35
3804,user_3804,Security,Inactive,0
3805,user_3805,Security,Active,71
3806,user_3806,Operations,Pending,76
3807,user_3807,Engineering,Inactive,40
3808,user_3808,Security,Active,100
3809,user_3809,Finance,Active,89
3810,user_3810,Security,Inactive,72
3811,user_3811,Engineering,Active,55
3812,user_3812,Security,Pending,77
3813,user_3813,Engineering,Inactive,18
3814,user_3814,Finance,Active,15
3815,user_3815,Engineering,Active,60
3816,user_3816,Operations,Inactive,55
3817,user_3817,Security,Active,5
3818,user_3818,Finance,Inactive,95
3819,user_3819,Finance,Pending,4
3820,user_3820,Security,Active,3
3821,user_3821,Finance,Inactive,95
3822,user_3822,Security,Inactive,34
3823,user_3823,Security,Pending,6
3824,user_3824,Finance,Pending,36
3825,user_3825,Operations,Active,85
3826,user_3826,Operations,Active,30
3827,user_3827,Engineering,Active,40
3828,user_3828,Operations,Inactive,34
3829,user_3829,Finance,Pending,78
3830,user_3830,Engineering,Active,63
3831,user_3831,Operations,Pending,37
3832,user_3832,Security,Pending,84
3833,user_3833,Operations,Pending,52
3834,user_3834,Security,Inactive,50
3835,user_3835,Engineering,Pending,30
3836,user_3836,Engineering,Pending,31
3837,user_3837,Engineering,Pending,51
3838,user_3838,Engineering,Pending,35
3839,user_3839,Operations,Inactive,46
3840,user_3840,Engineering,Pending,87
3841,user_3841,Engineering,Active,58
3842,user_3842,Security,Inactive,22
3843,user_3843,Engineering,Pending,36
3844,user_3844,Operations,Active,72
3845,user_3845,Security,Pending,35
3846,user_3846,Security,Inactive,28
3847,user_3847,Security,Active,50
3848,user_3848,Operations,Inactive,41
3849,user_3849,Operations,Active,59
3850,user_3850,Engineering,Pending,85
3851,user_3851,Finance,Active,21
3852,user_3852,Security,Inactive,65
3853,user_3853,Finance,Active,86
3854,user_3854,Operations,Active,19
3855,user_3855,Operations,Inactive,29
3856,user_3856,Finance,Pending,16
3857,user_3857,Security,Pending,52
3858,user_3858,Engineering,Inactive,28
3859,user_3859,Security,Pending,8
3860,user_3860,Finance,Pending,96
3861,user_3861,Security,Inactive,6
3862,user_3862,Security,Pending,87
3863,user_3863,Security,Active,48
3864,user_3864,Engineering,Pending,18
3865,user_3865,Finance,Active,88
3866,user_3866,Engineering,Pending,78
3867,user_3867,Finance,Active,68
3868,user_3868,Security,Pending,19
3869,user_3869,Finance,Pending,4
3870,user_3870,Operations,Active,40
3871,user_3871,Finance,Pending,4
3872,user_3872,Operations,Inactive,89
3873,user_3873,Operations,Active,64
3874,user_3874,Security,Inactive,69
3875,user_3875,Finance,Pending,91
3876,user_3876,Finance,Pending,73
3877,user_3877,Finance,Pending,88
3878,user_3878,Security,Inactive,64
3879,user_3879,Security,Active,98
3880,user_3880,Engineering,Pending,84
3881,user_3881,Operations,Active,82
3882,user_3882,Engineering,Active,46
3883,user_3883,Finance,Inactive,44
3884,user_3884,Finance,Inactive,15
3885,user_3885,Security,Inactive,6
3886,user_3886,Operations,Inactive,95
3887,user_3887,Engineering,Pending,41
3888,user_3888,Engineering,Inactive,23
3889,user_3889,Security,Pending,4
3890,user_3890,Finance,Pending,71
3891,user_3891,Finance,Inactive,71
3892,user_3892,Operations,Active,17
3893,user_3893,Operations,Pending,6
3894,user_3894,Operations,Active,66
3895,user_3895,Security,Active,61
3896,user_3896,Operations,Active,8
3897,user_3897,Security,Pending,34
3898,user_3898,Operations,Inactive,25
3899,user_3899,Security,Inactive,41
3900,user_3900,Finance,Active,83
3901,user_3901,Operations,Active,1
3902,user_3902,Operations,Active,63
3903,user_3903,Finance,Active,19
3904,user_3904,Finance,Inactive,21
3905,user_3905,Engineering,Active,60
3906,user_3906,Engineering,Inactive,81
3907,user_3907,Security,Active,11
3908,user_3908,Finance,Active,10
3909,user_3909,Engineering,Inactive,55
3910,user_3910,Finance,Pending,80
3911,user_3911,Operations,Inactive,51
3912,user_3912,Security,Pending,9
3913,user_3913,Engineering,Pending,2
3914,user_3914,Security,Pending,24
3915,user_3915,Operations,Pending,48
3916,user_3916,Security,Inactive,52
3917,user_3917,Finance,Inactive,7
3918,user_3918,Engineering,Inactive,98
3919,user_3919,Operations,Inactive,83
3920,user_3920,Finance,Active,43
3921,user_3921,Operations,Active,47
3922,user_3922,Operations,Pending,56
3923,user_3923,Security,Pending,70
3924,user_3924,Operations,Active,4
3925,user_3925,Engineering,Inactive,45
3926,user_3926,Engineering,Pending,5
3927,user_3927,Engineering,Active,98
3928,user_3928,Finance,Inactive,65
3929,user_3929,Security,Pending,83
3930,user_3930,Finance,Pending,84
3931,user_3931,Security,Inactive,62
3932,user_3932,Engineering,Active,0
3933,user_3933,Operations,Active,87
3934,user_3934,Security,Pending,82
3935,user_3935,Security,Pending,2
3936,user_3936,Engineering,Inactive,26
3937,user_3937,Security,Pending,39
3938,user_3938,Security,Active,87
3939,user_3939,Security,Active,59
3940,user_3940,Security,Active,4
3941,user_3941,Finance,Inactive,66
3942,user_3942,Operations,Pending,75
3943,user_3943,Engineering,Inactive,68
3944,user_3944,Operations,Pending,33
3945,user_3945,Security,Inactive,9
3946,user_3946,Operations,Inactive,27
3947,user_3947,Engineering,Inactive,100
3948,user_3948,Security,Active,23
3949,user_3949,Finance,Active,87
3950,user_3950,Security,Pending,86
3951,user_3951,Engineering,Active,28
3952,user_3952,Engineering,Active,95
3953,user_3953,Operations,Active,34
3954,user_3954,Operations,Inactive,80
3955,user_3955,Operations,Pending,41
3956,user_3956,Security,Active,83
3957,user_3957,Security,Inactive,3
3958,user_3958,Security,Pending,25
3959,user_3959,Finance,Inactive,40
3960,user_3960,Operations,Pending,62
3961,user_3961,Finance,Pending,37
3962,user_3962,Security,Pending,39
3963,user_3963,Finance,Active,32
3964,user_3964,Finance,Pending,41
3965,user_3965,Finance,Inactive,16
3966,user_3966,Engineering,Active,64
3967,user_3967,Security,Inactive,63
3968,user_3968,Security,Inactive,67
3969,user_3969,Security,Pending,56
3970,user_3970,Engineering,Pending,61
3971,user_3971,Security,Pending,80
3972,user_3972,Engineering,Inactive,21
3973,user_3973,Engineering,Inactive,8
3974,user_3974,Finance,Inactive,37
3975,user_3975,Engineering,Pending,8
3976,user_3976,Security,Inactive,58
3977,user_3977,Finance,Inactive,35
3978,user_3978,Operations,Active,65
3979,user_3979,Security,Active,7
3980,user_3980,Finance,Inactive,35
3981,user_3981,Security,Inactive,11
3982,user_3982,Operations,Inactive,76
3983,user_3983,Finance,Pending,87
3984,user_3984,Engineering,Active,30
3985,user_3985,Finance,Pending,90
3986,user_3986,Operations,Inactive,35
3987,user_3987,Operations,Active,14
3988,user_3988,Finance,Pending,60
3989,user_3989,Finance,Active,3
3990,user_3990,Security,Pending,88
3991,user_3991,Security,Inactive,77
3992,user_3992,Engineering,Active,33
3993,user_3993,Security,Active,34
3994,user_3994,Operations,Inactive,12
3995,user_3995,Operations,Inactive,5
3996,user_3996,Operations,Pending,69
3997,user_3997,Operations,Pending,74
3998,user_3998,Finance,Pending,74
3999,user_3999,Engineering,Inactive,55
4000,user_4000,Security,Inactive,35
4001,user_4001,Operations,Pending,43
4002,user_4002,Engineering,Active,5
4003,user_4003,Security,Inactive,98
4004,user_4004,Security,Active,59
4005,user_4005,Security,Inactive,23
4006,user_4006,Finance,Inactive,83
4007,user_4007,Finance,Pending,59
4008,user_4008,Operations,Inactive,87
4009,user_4009,Operations,Active,1
4010,user_4010,Engineering,Inactive,50
4011,user_4011,Finance,Inactive,87
4012,user_4012,Operations,Inactive,83
4013,user_4013,Finance,Pending,10
4014,user_4014,Engineering,Active,69
4015,user_4015,Operations,Inactive,8
4016,user_4016,Finance,Active,55
4017,user_4017,Security,Pending,7
4018,user_4018,Operations,Inactive,33
4019,user_4019,Finance,Inactive,53
4020,user_4020,Engineering,Inactive,95
4021,user_4021,Security,Inactive,33
4022,user_4022,Security,Active,28
4023,user_4023,Finance,Inactive,80
4024,user_4024,Finance,Active,75
4025,user_4025,Finance,Active,90
4026,user_4026,Security,Pending,34
4027,user_4027,Operations,Inactive,47
4028,user_4028,Engineering,Pending,44
4029,user_4029,Operations,Active,17
4030,user_4030,Operations,Inactive,75
4031,user_4031,Operations,Active,63
4032,user_4032,Engineering,Pending,69
4033,user_4033,Operations,Pending,94
4034,user_4034,Security,Pending,65
4035,user_4035,Engineering,Active,4
4036,user_4036,Security,Inactive,84
4037,user_4037,Operations,Active,10
4038,user_4038,Finance,Active,63
4039,user_4039,Operations,Pending,71
4040,user_4040,Engineering,Inactive,48
4041,user_4041,Finance,Inactive,37
4042,user_4042,Operations,Active,42
4043,user_4043,Operations,Pending,30
4044,user_4044,Security,Inactive,69
4045,user_4045,Security,Pending,86
4046,user_4046,Security,Inactive,80
4047,user_4047,Operations,Inactive,93
4048,user_4048,Security,Active,19
4049,user_4049,Finance,Active,36
4050,user_4050,Finance,Inactive,16
4051,user_4051,Operations,Inactive,25
4052,user_4052,Security,Inactive,71
4053,user_4053,Security,Active,48
4054,user_4054,Finance,Pending,25
4055,user_4055,Engineering,Active,43
4056,user_4056,Operations,Active,21
4057,user_4057,Operations,Pending,47
4058,user_4058,Security,Inactive,10
4059,user_4059,Engineering,Active,81
4060,user_4060,Finance,Inactive,50
4061,user_4061,Operations,Inactive,56
4062,user_4062,Finance,Active,29
4063,user_4063,Security,Inactive,81
4064,user_4064,Security,Pending,88
4065,user_4065,Finance,Active,87
4066,user_4066,Engineering,Inactive,60
4067,user_4067,Security,Active,44
4068,user_4068,Security,Pending,61
4069,user_4069,Security,Active,17
4070,user_4070,Security,Active,32
4071,user_4071,Operations,Pending,25
4072,user_4072,Finance,Inactive,62
4073,user_4073,Operations,Inactive,22
4074,user_4074,Security,Pending,25
4075,user_4075,Security,Active,76
4076,user_4076,Engineering,Pending,49
4077,user_4077,Finance,Inactive,67
4078,user_4078,Operations,Active,10
4079,user_4079,Operations,Pending,50
4080,user_4080,Engineering,Pending,90
4081,user_4081,Operations,Inactive,77
4082,user_4082,Engineering,Active,81
4083,user_4083,Finance,Pending,64
4084,user_4084,Engineering,Pending,17
4085,user_4085,Engineering,Active,14
4086,user_4086,Finance,Pending,61
4087,user_4087,Operations,Active,18
4088,user_4088,Security,Active,64
4089,user_4089,Security,Inactive,33
4090,user_4090,Security,Inactive,85
4091,user_4091,Security,Pending,6
4092,user_4092,Security,Pending,57
4093,user_4093,Operations,Active,18
4094,user_4094,Finance,Pending,35
4095,user_4095,Finance,Inactive,78
4096,user_4096,Security,Inactive,67
4097,user_4097,Finance,Inactive,96
4098,user_4098,Engineering,Inactive,46
4099,user_4099,Security,Pending,52
4100,user_4100,Operations,Active,83
4101,user_4101,Operations,Active,68
4102,user_4102,Security,Pending,16
4103,user_4103,Security,Inactive,27
4104,user_4104,Security,Active,86
4105,user_4105,Finance,Pending,66
4106,user_4106,Engineering,Pending,82
4107,user_4107,Engineering,Pending,23
4108,user_4108,Operations,Pending,93
4109,user_4109,Security,Pending,43
4110,user_4110,Operations,Inactive,16
4111,user_4111,Finance,Active,2
4112,user_4112,Engineering,Active,29
4113,user_4113,Engineering,Active,25
4114,user_4114,Finance,Active,49
4115,user_4115,Security,Active,8
4116,user_4116,Engineering,Active,28
4117,user_4117,Operations,Pending,18
4118,user_4118,Operations,Inactive,96
4119,user_4119,Finance,Pending,73
4120,user_4120,Engineering,Pending,67
4121,user_4121,Engineering,Inactive,75
4122,user_4122,Finance,Pending,67
4123,user_4123,Security,Pending,76
4124,user_4124,Security,Pending,56
4125,user_4125,Security,Active,52
4126,user_4126,Operations,Pending,59
4127,user_4127,Finance,Inactive,74
4128,user_4128,Security,Inactive,73
4129,user_4129,Finance,Active,83
4130,user_4130,Finance,Pending,76
4131,user_4131,Operations,Pending,7
4132,user_4132,Operations,Active,50
4133,user_4133,Operations,Inactive,37
4134,user_4134,Security,Inactive,73
4135,user_4135,Security,Active,14
4136,user_4136,Engineering,Pending,98
4137,user_4137,Engineering,Pending,6
4138,user_4138,Operations,Active,26
4139,user_4139,Finance,Inactive,69
4140,user_4140,Finance,Active,57
4141,user_4141,Security,Active,54
4142,user_4142,Security,Pending,13
4143,user_4143,Engineering,Pending,89
4144,user_4144,Finance,Active,82
4145,user_4145,Finance,Pending,58
4146,user_4146,Security,Pending,58
4147,user_4147,Operations,Active,57
4148,user_4148,Engineering,Active,7
4149,user_4149,Finance,Active,21
4150,user_4150,Engineering,Inactive,53
4151,user_4151,Engineering,Inactive,54
4152,user_4152,Operations,Pending,80
4153,user_4153,Security,Inactive,6
4154,user_4154,Engineering,Inactive,80
4155,user_4155,Engineering,Active,56
4156,user_4156,Finance,Inactive,41
4157,user_4157,Security,Active,78
4158,user_4158,Security,Inactive,0
4159,user_4159,Operations,Pending,88
4160,user_4160,Finance,Pending,93
4161,user_4161,Finance,Inactive,72
4162,user_4162,Engineering,Active,69
4163,user_4163,Security,Inactive,88
4164,user_4164,Operations,Active,96
4165,user_4165,Engineering,Inactive,84
4166,user_4166,Security,Active,6
4167,user_4167,Finance,Pending,26
4168,user_4168,Security,Active,89
4169,user_4169,Engineering,Inactive,50
4170,user_4170,Security,Pending,39
4171,user_4171,Finance,Inactive,7
4172,user_4172,Engineering,Active,2
4173,user_4173,Operations,Inactive,85
4174,user_4174,Engineering,Inactive,43
4175,user_4175,Operations,Active,96
4176,user_4176,Operations,Active,74
4177,user_4177,Finance,Inactive,72
4178,user_4178,Finance,Inactive,84
4179,user_4179,Security,Pending,79
4180,user_4180,Operations,Active,5
4181,user_4181,Finance,Inactive,42
4182,user_4182,Operations,Inactive,37
4183,user_4183,Finance,Active,50
4184,user_4184,Operations,Inactive,57
4185,user_4185,Security,Active,30
4186,user_4186,Security,Active,69
4187,user_4187,Security,Pending,78
4188,user_4188,Finance,Pending,10
4189,user_4189,Finance,Pending,12
4190,user_4190,Operations,Pending,95
4191,user_4191,Engineering,Pending,37
4192,user_4192,Security,Active,42
4193,user_4193,Finance,Active,87
4194,user_4194,Operations,Pending,0
4195,user_4195,Operations,Active,40
4196,user_4196,Engineering,Active,58
4197,user_4197,Security,Pending,54
4198,user_4198,Operations,Inactive,10
4199,user_4199,Security,Inactive,28
4200,user_4200,Security,Active,31
4201,user_4201,Security,Active,9
4202,user_4202,Finance,Inactive,46
4203,user_4203,Finance,Inactive,87
4204,user_4204,Security,Inactive,28
4205,user_4205,Finance,Inactive,58
4206,user_4206,Operations,Inactive,24
4207,user_4207,Operations,Active,98
4208,user_4208,Finance,Pending,27
4209,user_4209,Finance,Pending,84
4210,user_4210,Engineering,Active,34
4211,user_4211,Security,Inactive,26
4212,user_4212,Engineering,Active,23
4213,user_4213,Finance,Active,0
4214,user_4214,Operations,Pending,79
4215,user_4215,Security,Active,94
4216,user_4216,Engineering,Active,97
4217,user_4217,Operations,Active,99
4218,user_4218,Security,Pending,66
4219,user_4219,Finance,Pending,64
4220,user_4220,Finance,Inactive,17
4221,user_4221,Security,Inactive,11
4222,user_4222,Security,Pending,17
4223,user_4223,Finance,Inactive,50
4224,user_4224,Operations,Pending,12
4225,user_4225,Engineering,Pending,29
4226,user_4226,Engineering,Inactive,78
4227,user_4227,Engineering,Active,34
4228,user_4228,Finance,Active,62
4229,user_4229,Security,Pending,99
4230,user_4230,Engineering,Inactive,19
4231,user_4231,Operations,Active,97
4232,user_4232,Finance,Active,77
4233,user_4233,Operations,Active,8
4234,user_4234,Operations,Inactive,53
4235,user_4235,Security,Active,74
4236,user_4236,Finance,Inactive,98
4237,user_4237,Security,Active,59
4238,user_4238,Finance,Pending,43
4239,user_4239,Engineering,Inactive,23
4240,user_4240,Operations,Inactive,58
4241,user_4241,Finance,Pending,19
4242,user_4242,Engineering,Inactive,30
4243,user_4243,Security,Inactive,28
4244,user_4244,Security,Inactive,63
4245,user_4245,Engineering,Pending,99
4246,user_4246,Finance,Inactive,7
4247,user_4247,Operations,Pending,56
4248,user_4248,Finance,Active,20
4249,user_4249,Engineering,Inactive,0
4250,user_4250,Engineering,Inactive,60
4251,user_4251,Operations,Active,39
4252,user_4252,Operations,Pending,57
4253,user_4253,Security,Active,73
4254,user_4254,Engineering,Active,53
4255,user_4255,Operations,Active,57
4256,user_4256,Security,Inactive,21
4257,user_4257,Security,Inactive,19
4258,user_4258,Security,Pending,99
4259,user_4259,Finance,Active,3
4260,user_4260,Security,Active,6
4261,user_4261,Finance,Inactive,0
4262,user_4262,Operations,Active,25
4263,user_4263,Operations,Active,24
4264,user_4264,Operations,Pending,78
4265,user_4265,Security,Inactive,23
4266,user_4266,Engineering,Pending,90
4267,user_4267,Security,Inactive,100
4268,user_4268,Engineering,Active,93
4269,user_4269,Engineering,Inactive,15
4270,user_4270,Finance,Pending,91
4271,user_4271,Operations,Active,73
4272,user_4272,Security,Active,72
4273,user_4273,Operations,Active,9
4274,user_4274,Engineering,Pending,41
4275,user_4275,Finance,Pending,63
4276,user_4276,Engineering,Active,18
4277,user_4277,Finance,Inactive,79
4278,user_4278,Operations,Active,58
4279,user_4279,Finance,Inactive,24
4280,user_4280,Engineering,Pending,86
4281,user_4281,Security,Pending,49
4282,user_4282,Operations,Active,61
4283,user_4283,Finance,Inactive,32
4284,user_4284,Operations,Inactive,74
4285,user_4285,Operations,Pending,4
4286,user_4286,Security,Inactive,45
4287,user_4287,Finance,Active,92
4288,user_4288,Finance,Inactive,13
4289,user_4289,Security,Pending,39
4290,user_4290,Finance,Pending,10
4291,user_4291,Security,Pending,99
4292,user_4292,Finance,Active,39
4293,user_4293,Finance,Pending,56
4294,user_4294,Finance,Active,27
4295,user_4295,Engineering,Pending,23
4296,user_4296,Security,Inactive,66
4297,user_4297,Engineering,Active,9
4298,user_4298,Security,Inactive,12
4299,user_4299,Finance,Active,28
4300,user_4300,Operations,Pending,8
4301,user_4301,Engineering,Pending,51
4302,user_4302,Operations,Active,62
4303,user_4303,Security,Pending,74
4304,user_4304,Finance,Pending,26
4305,user_4305,Security,Inactive,75
4306,user_4306,Engineering,Active,47
4307,user_4307,Security,Active,83
4308,user_4308,Operations,Active,62
4309,user_4309,Operations,Pending,25
4310,user_4310,Security,Active,74
4311,user_4311,Engineering,Inactive,64
4312,user_4312,Finance,Pending,96
4313,user_4313,Engineering,Active,1
4314,user_4314,Operations,Inactive,27
4315,user_4315,Engineering,Inactive,74
4316,user_4316,Operations,Active,11
4317,user_4317,Operations,Pending,79
4318,user_4318,Finance,Active,59
4319,user_4319,Security,Pending,52
4320,user_4320,Finance,Pending,57
4321,user_4321,Engineering,Pending,0
4322,user_4322,Operations,Active,60
4323,user_4323,Security,Pending,45
4324,user_4324,Operations,Active,44
4325,user_4325,Operations,Inactive,61
4326,user_4326,Engineering,Pending,18
4327,user_4327,Security,Pending,80
4328,user_4328,Operations,Pending,24
4329,user_4329,Engineering,Pending,87
4330,user_4330,Finance,Pending,2
4331,user_4331,Operations,Inactive,77
4332,user_4332,Security,Active,12
4333,user_4333,Engineering,Active,100
4334,user_4334,Engineering,Pending,69
4335,user_4335,Security,Inactive,85
4336,user_4336,Engineering,Pending,89
4337,user_4337,Finance,Inactive,99
4338,user_4338,Finance,Active,9
4339,user_4339,Finance,Inactive,83
4340,user_4340,Engineering,Inactive,20
4341,user_4341,Operations,Active,40
4342,user_4342,Finance,Active,42
4343,user_4343,Security,Inactive,53
4344,user_4344,Security,Pending,58
4345,user_4345,Finance,Active,27
4346,user_4346,Finance,Inactive,61
4347,user_4347,Engineering,Inactive,84
4348,user_4348,Operations,Active,94
4349,user_4349,Finance,Inactive,96
4350,user_4350,Finance,Active,38
4351,user_4351,Finance,Pending,69
4352,user_4352,Security,Inactive,59
4353,user_4353,Engineering,Active,67
4354,user_4354,Security,Active,46
4355,user_4355,Finance,Pending,43
4356,user_4356,Operations,Active,36
4357,user_4357,Security,Inactive,77
4358,user_4358,Finance,Inactive,23
4359,user_4359,Engineering,Inactive,11
4360,user_4360,Operations,Inactive,16
4361,user_4361,Engineering,Pending,65
4362,user_4362,Finance,Active,27
4363,user_4363,Operations,Pending,75
4364,user_4364,Engineering,Pending,11
4365,user_4365,Engineering,Inactive,78
4366,user_4366,Security,Pending,74
4367,user_4367,Finance,Active,67
4368,user_4368,Operations,Active,72
4369,user_4369,Engineering,Pending,87
4370,user_4370,Security,Active,82
4371,user_4371,Operations,Inactive,49
4372,user_4372,Engineering,Pending,46
4373,user_4373,Engineering,Active,4
4374,user_4374,Finance,Active,40
4375,user_4375,Security,Active,72
4376,user_4376,Engineering,Inactive,80
4377,user_4377,Security,Active,82
4378,user_4378,Engineering,Active,12
4379,user_4379,Operations,Inactive,49
4380,user_4380,Finance,Pending,93
4381,user_4381,Engineering,Inactive,12
4382,user_4382,Security,Active,71
4383,user_4383,Engineering,Active,37
4384,user_4384,Engineering,Pending,91
4385,user_4385,Finance,Pending,25
4386,user_4386,Operations,Pending,88
4387,user_4387,Operations,Active,7
4388,user_4388,Operations,Pending,50
4389,user_4389,Engineering,Pending,50
4390,user_4390,Security,Active,52
4391,user_4391,Engineering,Pending,23
4392,user_4392,Finance,Pending,90
4393,user_4393,Security,Inactive,21
4394,user_4394,Operations,Active,76
4395,user_4395,Engineering,Pending,52
4396,user_4396,Operations,Pending,94
4397,user_4397,Operations,Inactive,61
4398,user_4398,Engineering,Pending,77
4399,user_4399,Engineering,Pending,31
4400,user_4400,Engineering,Inactive,43
4401,user_4401,Operations,Inactive,87
4402,user_4402,Security,Inactive,15
4403,user_4403,Operations,Pending,42
4404,user_4404,Engineering,Pending,8
4405,user_4405,Security,Inactive,71
4406,user_4406,Security,Pending,82
4407,user_4407,Security,Active,24
4408,user_4408,Security,Pending,38
4409,user_4409,Security,Active,96
4410,user_4410,Security,Inactive,5
4411,user_4411,Operations,Active,87
4412,user_4412,Operations,Active,2
4413,user_4413,Finance,Active,78
4414,user_4414,Security,Pending,88
4415,user_4415,Engineering,Inactive,30
4416,user_4416,Operations,Active,71
4417,user_4417,Operations,Inactive,8
4418,user_4418,Security,Pending,85
4419,user_4419,Engineering,Active,26
4420,user_4420,Engineering,Inactive,9
4421,user_4421,Finance,Inactive,52
4422,user_4422,Engineering,Pending,17
4423,user_4423,Finance,Active,28
4424,user_4424,Engineering,Active,84
4425,user_4425,Operations,Active,30
4426,user_4426,Engineering,Active,70
4427,user_4427,Engineering,Inactive,38
4428,user_4428,Operations,Pending,97
4429,user_4429,Operations,Pending,0
4430,user_4430,Engineering,Inactive,84
4431,user_4431,Finance,Pending,46
4432,user_4432,Finance,Pending,54
4433,user_4433,Finance,Inactive,70
4434,user_4434,Finance,Pending,79
4435,user_4435,Finance,Inactive,76
4436,user_4436,Operations,Inactive,26
4437,user_4437,Engineering,Pending,65
4438,user_4438,Finance,Active,67
4439,user_4439,Engineering,Active,9
4440,user_4440,Security,Pending,53
4441,user_4441,Finance,Active,15
4442,user_4442,Finance,Inactive,23
4443,user_4443,Operations,Active,80
4444,user_4444,Operations,Active,56
4445,user_4445,Operations,Active,95
4446,user_4446,Finance,Active,99
4447,user_4447,Engineering,Active,85
4448,user_4448,Engineering,Inactive,55
4449,user_4449,Operations,Active,63
4450,user_4450,Operations,Inactive,3
4451,user_4451,Finance,Active,83
4452,user_4452,Operations,Pending,38
4453,user_4453,Security,Active,53
4454,user_4454,Engineering,Pending,45
4455,user_4455,Operations,Active,66
4456,user_4456,Security,Pending,4
4457,user_4457,Security,Active,4
4458,user_4458,Engineering,Pending,70
4459,user_4459,Engineering,Active,41
4460,user_4460,Finance,Pending,15
4461,user_4461,Finance,Pending,65
4462,user_4462,Security,Inactive,92
4463,user_4463,Security,Inactive,51
4464,user_4464,Finance,Active,50
4465,user_4465,Operations,Pending,10
4466,user_4466,Operations,Inactive,19
4467,user_4467,Operations,Inactive,100
4468,user_4468,Operations,Pending,24
4469,user_4469,Finance,Inactive,8
4470,user_4470,Operations,Inactive,75
4471,user_4471,Operations,Pending,78
4472,user_4472,Finance,Inactive,24
4473,user_4473,Operations,Pending,27
4474,user_4474,Engineering,Pending,36
4475,user_4475,Finance,Pending,37
4476,user_4476,Security,Inactive,96
4477,user_4477,Security,Pending,21
4478,user_4478,Engineering,Inactive,51
4479,user_4479,Operations,Inactive,43
4480,user_4480,Operations,Active,39
4481,user_4481,Security,Active,61
4482,user_4482,Security,Pending,29
4483,user_4483,Engineering,Active,82
4484,user_4484,Operations,Active,3
4485,user_4485,Operations,Inactive,87
4486,user_4486,Engineering,Active,73
4487,user_4487,Security,Inactive,18
4488,user_4488,Finance,Active,39
4489,user_4489,Security,Active,52
4490,user_4490,Engineering,Pending,8
4491,user_4491,Finance,Inactive,33
4492,user_4492,Operations,Pending,13
4493,user_4493,Finance,Inactive,41
4494,user_4494,Engineering,Active,52
4495,user_4495,Engineering,Active,28
4496,user_4496,Finance,Active,30
4497,user_4497,Engineering,Pending,80
4498,user_4498,Engineering,Active,68
4499,user_4499,Engineering,Inactive,94
4500,user_4500,Operations,Inactive,30
4501,user_4501,Engineering,Active,55
4502,user_4502,Security,Active,48
4503,user_4503,Operations,Inactive,52
4504,user_4504,Security,Active,91
4505,user_4505,Finance,Active,36
4506,user_4506,Security,Active,11
4507,user_4507,Finance,Active,44
4508,user_4508,Finance,Active,67
4509,user_4509,Finance,Active,56
4510,user_4510,Engineering,Inactive,23
4511,user_4511,Engineering,Pending,1
4512,user_4512,Operations,Inactive,81
4513,user_4513,Engineering,Pending,31
4514,user_4514,Finance,Inactive,87
4515,user_4515,Operations,Pending,4
4516,user_4516,Operations,Pending,15
4517,user_4517,Security,Pending,63
4518,user_4518,Finance,Inactive,52
4519,user_4519,Finance,Active,77
4520,user_4520,Engineering,Active,55
4521,user_4521,Engineering,Inactive,67
4522,user_4522,Engineering,Active,98
4523,user_4523,Finance,Active,66
4524,user_4524,Finance,Inactive,79
4525,user_4525,Finance,Pending,56
4526,user_4526,Finance,Pending,81
4527,user_4527,Security,Active,22
4528,user_4528,Security,Active,18
4529,user_4529,Security,Active,100
4530,user_4530,Engineering,Active,19
4531,user_4531,Engineering,Pending,70
4532,user_4532,Finance,Pending,56
4533,user_4533,Security,Active,49
4534,user_4534,Finance,Active,41
4535,user_4535,Security,Inactive,82
4536,user_4536,Operations,Inactive,71
4537,user_4537,Operations,Pending,40
4538,user_4538,Security,Pending,22
4539,user_4539,Operations,Inactive,70
4540,user_4540,Finance,Inactive,16
4541,user_4541,Security,Pending,63
4542,user_4542,Security,Active,60
4543,user_4543,Security,Inactive,95
4544,user_4544,Operations,Active,53
4545,user_4545,Finance,Inactive,3
4546,user_4546,Security,Inactive,48
4547,user_4547,Security,Inactive,45
4548,user_4548,Engineering,Inactive,14
4549,user_4549,Engineering,Inactive,23
4550,user_4550,Operations,Inactive,57
4551,user_4551,Finance,Inactive,65
4552,user_4552,Security,Active,65
4553,user_4553,Finance,Pending,20
4554,user_4554,Finance,Active,26
4555,user_4555,Finance,Inactive,95
4556,user_4556,Engineering,Inactive,88
4557,user_4557,Engineering,Pending,52
4558,user_4558,Operations,Inactive,61
4559,user_4559,Security,Pending,57
4560,user_4560,Engineering,Active,8
4561,user_4561,Engineering,Active,70
4562,user_4562,Finance,Pending,9
4563,user_4563,Security,Active,60
4564,user_4564,Operations,Inactive,46
4565,user_4565,Engineering,Pending,72
4566,user_4566,Finance,Active,87
4567,user_4567,Finance,Active,89
4568,user_4568,Operations,Inactive,25
4569,user_4569,Security,Pending,6
4570,user_4570,Operations,Active,23
4571,user_4571,Operations,Active,3
4572,user_4572,Engineering,Inactive,85
4573,user_4573,Security,Inactive,98
4574,user_4574,Operations,Active,34
4575,user_4575,Engineering,Active,63
4576,user_4576,Finance,Active,49
4577,user_4577,Finance,Inactive,50
4578,user_4578,Finance,Active,77
4579,user_4579,Finance,Inactive,55
4580,user_4580,Operations,Pending,60
4581,user_4581,Engineering,Pending,94
4582,user_4582,Operations,Pending,65
4583,user_4583,Security,Inactive,28
4584,user_4584,Operations,Inactive,15
4585,user_4585,Finance,Active,70
4586,user_4586,Operations,Pending,75
4587,user_4587,Operations,Active,14
4588,user_4588,Operations,Inactive,85
4589,user_4589,Finance,Pending,85
4590,user_4590,Engineering,Inactive,16
4591,user_4591,Security,Inactive,69
4592,user_4592,Operations,Inactive,45
4593,user_4593,Finance,Pending,73
4594,user_4594,Security,Inactive,74
4595,user_4595,Security,Inactive,100
4596,user_4596,Operations,Pending,89
4597,user_4597,Security,Pending,91
4598,user_4598,Finance,Active,2
4599,user_4599,Security,Pending,15
4600,user_4600,Operations,Active,83
4601,user_4601,Security,Inactive,62
4602,user_4602,Operations,Pending,42
4603,user_4603,Engineering,Active,0
4604,user_4604,Finance,Pending,87
4605,user_4605,Security,Pending,9
4606,user_4606,Security,Pending,40
4607,user_4607,Engineering,Active,46
4608,user_4608,Operations,Pending,53
4609,user_4609,Finance,Pending,98
4610,user_4610,Security,Pending,39
4611,user_4611,Security,Inactive,21
4612,user_4612,Finance,Inactive,95
4613,user_4613,Operations,Inactive,60
4614,user_4614,Finance,Active,68
4615,user_4615,Engineering,Pending,35
4616,user_4616,Finance,Pending,74
4617,user_4617,Engineering,Inactive,38
4618,user_4618,Operations,Active,15
4619,user_4619,Operations,Inactive,9
4620,user_4620,Finance,Active,29
4621,user_4621,Security,Pending,73
4622,user_4622,Finance,Active,11
4623,user_4623,Finance,Active,35
4624,user_4624,Finance,Inactive,76
4625,user_4625,Finance,Inactive,16
4626,user_4626,Engineering,Active,95
4627,user_4627,Engineering,Active,41
4628,user_4628,Operations,Inactive,82
4629,user_4629,Security,Pending,22
4630,user_4630,Engineering,Active,85
4631,user_4631,Operations,Pending,34
4632,user_4632,Finance,Pending,26
4633,user_4633,Security,Pending,59
4634,user_4634,Operations,Inactive,5
4635,user_4635,Security,Inactive,53
4636,user_4636,Finance,Inactive,69
4637,user_4637,Operations,Pending,28
4638,user_4638,Finance,Active,47
4639,user_4639,Engineering,Active,16
4640,user_4640,Finance,Inactive,97
4641,user_4641,Operations,Inactive,59
4642,user_4642,Finance,Pending,6
4643,user_4643,Operations,Active,72
4644,user_4644,Engineering,Inactive,59
4645,user_4645,Engineering,Pending,24
4646,user_4646,Operations,Active,5
4647,user_4647,Engineering,Pending,50
4648,user_4648,Security,Pending,63
4649,user_4649,Finance,Inactive,86
4650,user_4650,Engineering,Inactive,53
4651,user_4651,Security,Active,96
4652,user_4652,Operations,Pending,26
4653,user_4653,Security,Pending,97
4654,user_4654,Finance,Active,71
4655,user_4655,Security,Active,53
4656,user_4656,Operations,Inactive,14
4657,user_4657,Engineering,Pending,89
4658,user_4658,Engineering,Active,82
4659,user_4659,Operations,Pending,30
4660,user_4660,Operations,Inactive,57
4661,user_4661,Engineering,Pending,30
4662,user_4662,Engineering,Inactive,25
4663,user_4663,Engineering,Inactive,39
4664,user_4664,Security,Inactive,75
4665,user_4665,Finance,Active,73
4666,user_4666,Finance,Inactive,8
4667,user_4667,Operations,Inactive,73
4668,user_4668,Finance,Inactive,37
4669,user_4669,Security,Active,84
4670,user_4670,Security,Inactive,15
4671,user_4671,Finance,Pending,90
4672,user_4672,Operations,Inactive,0
4673,user_4673,Engineering,Pending,79
4674,user_4674,Security,Inactive,37
4675,user_4675,Operations,Active,60
4676,user_4676,Operations,Pending,41
4677,user_4677,Engineering,Pending,55
4678,user_4678,Engineering,Inactive,57
4679,user_4679,Finance,Inactive,45
4680,user_4680,Finance,Inactive,0
4681,user_4681,Finance,Inactive,79
4682,user_4682,Finance,Pending,63
4683,user_4683,Operations,Active,28
4684,user_4684,Finance,Pending,32
4685,user_4685,Security,Inactive,76
4686,user_4686,Engineering,Inactive,66
4687,user_4687,Security,Inactive,33
4688,user_4688,Operations,Pending,4
4689,user_4689,Security,Active,61
4690,user_4690,Security,Active,61
4691,user_4691,Finance,Inactive,50
4692,user_4692,Security,Active,59
4693,user_4693,Operations,Active,73
4694,user_4694,Finance,Inactive,24
4695,user_4695,Operations,Active,73
4696,user_4696,Engineering,Inactive,4
4697,user_4697,Finance,Active,79
4698,user_4698,Finance,Active,75
4699,user_4699,Security,Pending,3
4700,user_4700,Operations,Active,21
4701,user_4701,Operations,Pending,8
4702,user_4702,Operations,Active,58
4703,user_4703,Engineering,Active,0
4704,user_4704,Finance,Active,63
4705,user_4705,Finance,Inactive,34
4706,user_4706,Security,Inactive,73
4707,user_4707,Finance,Active,100
4708,user_4708,Engineering,Inactive,6
4709,user_4709,Engineering,Active,91
4710,user_4710,Security,Pending,63
4711,user_4711,Finance,Inactive,55
4712,user_4712,Engineering,Pending,2
4713,user_4713,Engineering,Inactive,82
4714,user_4714,Finance,Active,30
4715,user_4715,Security,Inactive,69
4716,user_4716,Security,Inactive,16
4717,user_4717,Security,Active,68
4718,user_4718,Engineering,Pending,35
4719,user_4719,Finance,Pending,25
4720,user_4720,Finance,Active,17
4721,user_4721,Finance,Pending,10
4722,user_4722,Engineering,Active,53
4723,user_4723,Finance,Pending,25
4724,user_4724,Operations,Pending,75
4725,user_4725,Security,Inactive,87
4726,user_4726,Operations,Inactive,99
4727,user_4727,Operations,Active,100
4728,user_4728,Engineering,Inactive,39
4729,user_4729,Operations,Active,49
4730,user_4730,Engineering,Pending,9
4731,user_4731,Security,Active,52
4732,user_4732,Engineering,Pending,50
4733,user_4733,Engineering,Pending,39
4734,user_4734,Finance,Active,33
4735,user_4735,Finance,Inactive,49
4736,user_4736,Security,Active,68
4737,user_4737,Finance,Pending,50
4738,user_4738,Finance,Inactive,33
4739,user_4739,Engineering,Inactive,7
4740,user_4740,Operations,Active,15
4741,user_4741,Engineering,Inactive,2
4742,user_4742,Operations,Active,52
4743,user_4743,Operations,Active,66
4744,user_4744,Finance,Pending,15
4745,user_4745,Operations,Inactive,74
4746,user_4746,Engineering,Active,58
4747,user_4747,Finance,Active,72
4748,user_4748,Engineering,Active,20
4749,user_4749,Finance,Inactive,60
4750,user_4750,Operations,Inactive,94
4751,user_4751,Engineering,Active,72
4752,user_4752,Security,Inactive,4
4753,user_4753,Engineering,Inactive,98
4754,user_4754,Engineering,Pending,98
4755,user_4755,Engineering,Inactive,22
4756,user_4756,Security,Active,53
4757,user_4757,Operations,Inactive,37
4758,user_4758,Finance,Active,18
4759,user_4759,Operations,Pending,76
4760,user_4760,Engineering,Inactive,69
4761,user_4761,Finance,Pending,10
4762,user_4762,Operations,Inactive,56
4763,user_4763,Engineering,Pending,63
4764,user_4764,Engineering,Pending,17
4765,user_4765,Engineering,Active,3
4766,user_4766,Finance,Active,46
4767,user_4767,Engineering,Pending,51
4768,user_4768,Engineering,Pending,86
4769,user_4769,Finance,Inactive,24
4770,user_4770,Engineering,Active,23
4771,user_4771,Engineering,Inactive,92
4772,user_4772,Engineering,Pending,78
4773,user_4773,Operations,Pending,40
4774,user_4774,Security,Active,70
4775,user_4775,Engineering,Active,60
4776,user_4776,Finance,Pending,41
4777,user_4777,Operations,Active,44
4778,user_4778,Finance,Inactive,98
4779,user_4779,Engineering,Active,74
4780,user_4780,Security,Pending,80
4781,user_4781,Security,Pending,57
4782,user_4782,Operations,Pending,40
4783,user_4783,Engineering,Active,56
4784,user_4784,Finance,Pending,22
4785,user_4785,Operations,Inactive,100
4786,user_4786,Finance,Inactive,1
4787,user_4787,Operations,Pending,54
4788,user_4788,Finance,Active,86
4789,user_4789,Finance,Active,41
4790,user_4790,Operations,Pending,49
4791,user_4791,Engineering,Pending,72
4792,user_4792,Security,Pending,27
4793,user_4793,Engineering,Active,6
4794,user_4794,Operations,Pending,26
4795,user_4795,Finance,Inactive,14
4796,user_4796,Finance,Pending,46
4797,user_4797,Engineering,Inactive,44
4798,user_4798,Security,Active,69
4799,user_4799,Engineering,Inactive,95
4800,user_4800,Engineering,Active,63
4801,user_4801,Operations,Pending,92
4802,user_4802,Finance,Inactive,1
4803,user_4803,Engineering,Pending,48
4804,user_4804,Engineering,Pending,43
4805,user_4805,Operations,Pending,99
4806,user_4806,Finance,Active,33
4807,user_4807,Operations,Active,11
4808,user_4808,Engineering,Inactive,29
4809,user_4809,Engineering,Active,39
4810,user_4810,Engineering,Active,11
4811,user_4811,Finance,Pending,23
4812,user_4812,Engineering,Inactive,61
4813,user_4813,Finance,Active,5
4814,user_4814,Finance,Pending,63
4815,user_4815,Engineering,Active,21
4816,user_4816,Security,Pending,5
4817,user_4817,Engineering,Inactive,71
4818,user_4818,Finance,Pending,4
4819,user_4819,Operations,Inactive,59
4820,user_4820,Security,Pending,74
4821,user_4821,Finance,Inactive,17
4822,user_4822,Security,Active,18
4823,user_4823,Engineering,Pending,76
4824,user_4824,Finance,Active,97
4825,user_4825,Security,Active,29
4826,user_4826,Security,Active,59
4827,user_4827,Operations,Pending,96
4828,user_4828,Finance,Inactive,99
4829,user_4829,Engineering,Inactive,92
4830,user_4830,Engineering,Pending,89
4831,user_4831,Security,Inactive,60
4832,user_4832,Operations,Active,33
4833,user_4833,Operations,Active,93
4834,user_4834,Security,Active,38
4835,user_4835,Engineering,Inactive,51
4836,user_4836,Engineering,Inactive,77
4837,user_4837,Operations,Inactive,81
4838,user_4838,Security,Inactive,63
4839,user_4839,Engineering,Pending,1
4840,user_4840,Finance,Pending,59
4841,user_4841,Operations,Pending,66
4842,user_4842,Finance,Pending,88
4843,user_4843,Finance,Inactive,14
4844,user_4844,Operations,Inactive,84
4845,user_4845,Security,Pending,77
4846,user_4846,Security,Active,13
4847,user_4847,Finance,Active,99
4848,user_4848,Security,Active,74
4849,user_4849,Finance,Active,66
4850,user_4850,Engineering,Active,51
4851,user_4851,Finance,Inactive,16
4852,user_4852,Finance,Pending,36
4853,user_4853,Security,Inactive,85
4854,user_4854,Security,Active,14
4855,user_4855,Engineering,Active,17
4856,user_4856,Engineering,Pending,34
4857,user_4857,Operations,Active,83
4858,user_4858,Engineering,Active,6
4859,user_4859,Engineering,Pending,54
4860,user_4860,Finance,Inactive,6
4861,user_4861,Security,Active,37
4862,user_4862,Finance,Pending,4
4863,user_4863,Engineering,Inactive,90
4864,user_4864,Engineering,Inactive,40
4865,user_4865,Finance,Active,18
4866,user_4866,Operations,Active,34
4867,user_4867,Security,Inactive,4
4868,user_4868,Finance,Pending,12
4869,user_4869,Engineering,Active,9
4870,user_4870,Security,Inactive,84
4871,user_4871,Finance,Active,49
4872,user_4872,Security,Pending,47
4873,user_4873,Operations,Inactive,4
4874,user_4874,Operations,Active,56
4875,user_4875,Finance,Pending,32
4876,user_4876,Finance,Inactive,86
4877,user_4877,Operations,Active,21
4878,user_4878,Engineering,Pending,16
4879,user_4879,Operations,Inactive,62
4880,user_4880,Operations,Active,11
4881,user_4881,Finance,Active,12
4882,user_4882,Finance,Active,67
4883,user_4883,Operations,Inactive,12
4884,user_4884,Operations,Pending,91
4885,user_4885,Finance,Inactive,6
4886,user_4886,Finance,Pending,88
4887,user_4887,Engineering,Pending,87
4888,user_4888,Finance,Active,17
4889,user_4889,Finance,Pending,98
4890,user_4890,Operations,Inactive,13
4891,user_4891,Finance,Active,26
4892,user_4892,Security,Active,14
4893,user_4893,Finance,Pending,22
4894,user_4894,Finance,Pending,60
4895,user_4895,Finance,Active,21
4896,user_4896,Finance,Active,72
4897,user_4897,Operations,Inactive,54
4898,user_4898,Operations,Inactive,41
4899,user_4899,Security,Active,53
4900,user_4900,Operations,Active,19
4901,user_4901,Finance,Active,84
4902,user_4902,Security,Pending,52
4903,user_4903,Operations,Inactive,33
4904,user_4904,Operations,Inactive,26
4905,user_4905,Engineering,Active,96
4906,user_4906,Engineering,Active,22
4907,user_4907,Security,Active,81
4908,user_4908,Operations,Inactive,50
4909,user_4909,Finance,Active,70
4910,user_4910,Security,Inactive,92
4911,user_4911,Security,Pending,96
4912,user_4912,Operations,Pending,81
4913,user_4913,Engineering,Active,70
4914,user_4914,Operations,Inactive,34
4915,user_4915,Security,Active,80
4916,user_4916,Security,Pending,16
4917,user_4917,Security,Inactive,57
4918,user_4918,Finance,Pending,86
4919,user_4919,Security,Inactive,67
4920,user_4920,Operations,Inactive,52
4921,user_4921,Finance,Active,45
4922,user_4922,Finance,Pending,9
4923,user_4923,Operations,Inactive,31
4924,user_4924,Security,Pending,74
4925,user_4925,Engineering,Inactive,34
4926,user_4926,Finance,Inactive,95
4927,user_4927,Finance,Pending,65
4928,user_4928,Finance,Inactive,78
4929,user_4929,Finance,Pending,56
4930,user_4930,Security,Pending,30
4931,user_4931,Engineering,Active,99
4932,user_4932,Engineering,Pending,96
4933,user_4933,Engineering,Inactive,88
4934,user_4934,Security,Pending,35
4935,user_4935,Operations,Pending,47
4936,user_4936,Security,Active,97
4937,user_4937,Security,Inactive,22
4938,user_4938,Security,Active,92
4939,user_4939,Finance,Active,32
4940,user_4940,Finance,Inactive,6
4941,user_4941,Operations,Pending,26
4942,user_4942,Engineering,Pending,49
4943,user_4943,Operations,Active,79
4944,user_4944,Engineering,Active,70
4945,user_4945,Operations,Inactive,43
4946,user_4946,Finance,Inactive,22
4947,user_4947,Finance,Pending,28
4948,user_4948,Operations,Active,99
4949,user_4949,Security,Inactive,37
4950,user_4950,Finance,Inactive,55
4951,user_4951,Engineering,Active,29
4952,user_4952,Finance,Pending,94
4953,user_4953,Operations,Inactive,0
4954,user_4954,Operations,Inactive,55
4955,user_4955,Finance,Pending,56
4956,user_4956,Operations,Active,2
4957,user_4957,Engineering,Active,83
4958,user_4958,Operations,Inactive,49
4959,user_4959,Engineering,Active,52
4960,user_4960,Security,Inactive,79
4961,user_4961,Finance,Active,64
4962,user_4962,Security,Pending,11
4963,user_4963,Operations,Inactive,61
4964,user_4964,Security,Active,99
4965,user_4965,Operations,Active,55
4966,user_4966,Finance,Pending,86
4967,user_4967,Engineering,Inactive,80
4968,user_4968,Finance,Inactive,2
4969,user_4969,Security,Active,45
4970,user_4970,Operations,Active,70
4971,user_4971,Engineering,Active,38
4972,user_4972,Engineering,Inactive,60
4973,user_4973,Finance,Active,22
4974,user_4974,Finance,Pending,44
4975,user_4975,Security,Pending,65
4976,user_4976,Security,Active,73
4977,user_4977,Finance,Pending,36
4978,user_4978,Security,Active,64
4979,user_4979,Security,Active,52
4980,user_4980,Operations,Active,9
4981,user_4981,Security,Inactive,90
4982,user_4982,Operations,Active,94
4983,user_4983,Security,Inactive,56
4984,user_4984,Engineering,Active,22
4985,user_4985,Operations,Inactive,49
4986,user_4986,Security,Active,38
4987,user_4987,Finance,Pending,83
4988,user_4988,Finance,Inactive,78
4989,user_4989,Engineering,Inactive,64
4990,user_4990,Engineering,Active,60
4991,user_4991,Finance,Pending,48
4992,user_4992,Engineering,Active,46
4993,user_4993,Operations,Active,60
4994,user_4994,Operations,Active,76
4995,user_4995,Engineering,Inactive,47
4996,user_4996,Finance,Inactive,11
4997,user_4997,Finance,Active,1
4998,user_4998,Finance,Inactive,15
4999,user_4999,Finance,Inactive,69
5000,user_5000,Finance,Active,90
5001,user_5001,Operations,Pending,50
5002,user_5002,Operations,Active,17
5003,user_5003,Finance,Active,54
5004,user_5004,Operations,Inactive,19
5005,user_5005,Finance,Active,66
5006,user_5006,Security,Inactive,90
5007,user_5007,Security,Active,49
5008,user_5008,Operations,Active,25
5009,user_5009,Operations,Inactive,4
5010,user_5010,Finance,Pending,62
5011,user_5011,Operations,Pending,49
5012,user_5012,Operations,Inactive,0
5013,user_5013,Finance,Pending,23
5014,user_5014,Security,Inactive,77
5015,user_5015,Operations,Inactive,40
5016,user_5016,Engineering,Pending,22
5017,user_5017,Security,Active,22
5018,user_5018,Operations,Pending,7
5019,user_5019,Engineering,Pending,0
5020,user_5020,Engineering,Pending,40
5021,user_5021,Security,Pending,34
5022,user_5022,Finance,Active,45
5023,user_5023,Engineering,Pending,52
5024,user_5024,Finance,Pending,30
5025,user_5025,Operations,Active,77
5026,user_5026,Finance,Inactive,46
5027,user_5027,Security,Active,19
5028,user_5028,Finance,Inactive,47
5029,user_5029,Security,Pending,60
5030,user_5030,Security,Active,46
5031,user_5031,Security,Active,46
5032,user_5032,Engineering,Pending,12
5033,user_5033,Engineering,Active,6
5034,user_5034,Finance,Inactive,82
5035,user_5035,Engineering,Pending,2
5036,user_5036,Operations,Inactive,28
5037,user_5037,Operations,Inactive,34
5038,user_5038,Engineering,Active,1
5039,user_5039,Operations,Inactive,12
5040,user_5040,Finance,Pending,11
5041,user_5041,Operations,Inactive,83
5042,user_5042,Security,Pending,68
5043,user_5043,Finance,Inactive,23
5044,user_5044,Security,Active,2
5045,user_5045,Operations,Inactive,55
5046,user_5046,Operations,Inactive,93
5047,user_5047,Engineering,Pending,77
5048,user_5048,Operations,Inactive,74
5049,user_5049,Engineering,Pending,2
5050,user_5050,Operations,Inactive,35
5051,user_5051,Security,Inactive,98
5052,user_5052,Finance,Inactive,15
5053,user_5053,Engineering,Inactive,70
5054,user_5054,Finance,Pending,53
5055,user_5055,Security,Pending,98
5056,user_5056,Security,Active,26
5057,user_5057,Operations,Pending,34
5058,user_5058,Finance,Inactive,59
5059,user_5059,Security,Pending,26
5060,user_5060,Operations,Active,69
5061,user_5061,Engineering,Inactive,53
5062,user_5062,Engineering,Pending,17
5063,user_5063,Engineering,Inactive,42
5064,user_5064,Security,Inactive,42
5065,user_5065,Engineering,Active,12
5066,user_5066,Security,Inactive,47
5067,user_5067,Engineering,Pending,3
5068,user_5068,Finance,Active,96
5069,user_5069,Operations,Active,38
5070,user_5070,Finance,Pending,6
5071,user_5071,Engineering,Inactive,64
5072,user_5072,Engineering,Pending,63
5073,user_5073,Engineering,Active,98
5074,user_5074,Finance,Active,93
5075,user_5075,Finance,Pending,96
5076,user_5076,Finance,Inactive,27
5077,user_5077,Operations,Active,16
5078,user_5078,Security,Active,68
5079,user_5079,Finance,Active,72
5080,user_5080,Operations,Active,8
5081,user_5081,Finance,Inactive,22
5082,user_5082,Security,Inactive,36
5083,user_5083,Finance,Pending,92
5084,user_5084,Security,Active,3
5085,user_5085,Finance,Pending,78
5086,user_5086,Engineering,Pending,17
5087,user_5087,Operations,Active,62
5088,user_5088,Operations,Pending,93
5089,user_5089,Security,Pending,91
5090,user_5090,Operations,Active,37
5091,user_5091,Operations,Pending,20
5092,user_5092,Finance,Inactive,64
5093,user_5093,Operations,Pending,54
5094,user_5094,Security,Active,8
5095,user_5095,Operations,Inactive,62
5096,user_5096,Engineering,Inactive,29
5097,user_5097,Engineering,Active,55
5098,user_5098,Finance,Active,4
5099,user_5099,Security,Active,98
5100,user_5100,Security,Active,74
5101,user_5101,Operations,Active,69
5102,user_5102,Engineering,Pending,77
5103,user_5103,Operations,Active,24
5104,user_5104,Finance,Pending,45
5105,user_5105,Finance,Pending,8
5106,user_5106,Finance,Pending,40
5107,user_5107,Operations,Active,15
5108,user_5108,Operations,Active,18
5109,user_5109,Engineering,Pending,47
5110,user_5110,Security,Inactive,59
5111,user_5111,Finance,Inactive,4
5112,user_5112,Security,Inactive,22
5113,user_5113,Security,Pending,40
5114,user_5114,Finance,Inactive,28
5115,user_5115,Security,Inactive,48
5116,user_5116,Finance,Pending,84
5117,user_5117,Engineering,Pending,78
5118,user_5118,Security,Inactive,97
5119,user_5119,Security,Pending,53
5120,user_5120,Operations,Active,15
5121,user_5121,Engineering,Inactive,31
5122,user_5122,Finance,Active,29
5123,user_5123,Engineering,Pending,69
5124,user_5124,Engineering,Active,90
5125,user_5125,Operations,Active,94
5126,user_5126,Operations,Pending,59
5127,user_5127,Security,Pending,33
5128,user_5128,Operations,Active,56
5129,user_5129,Security,Pending,100
5130,user_5130,Engineering,Inactive,54
5131,user_5131,Security,Pending,39
5132,user_5132,Operations,Pending,78
5133,user_5133,Engineering,Active,20
5134,user_5134,Operations,Inactive,46
5135,user_5135,Engineering,Pending,10
5136,user_5136,Finance,Pending,84
5137,user_5137,Finance,Inactive,75
5138,user_5138,Finance,Inactive,12
5139,user_5139,Security,Inactive,32
5140,user_5140,Operations,Inactive,63
5141,user_5141,Finance,Active,77
5142,user_5142,Operations,Inactive,16
5143,user_5143,Engineering,Pending,69
5144,user_5144,Operations,Active,49
5145,user_5145,Engineering,Inactive,20
5146,user_5146,Engineering,Inactive,4
5147,user_5147,Engineering,Active,45
5148,user_5148,Security,Pending,61
5149,user_5149,Operations,Pending,23
5150,user_5150,Finance,Pending,85
5151,user_5151,Security,Active,46
5152,user_5152,Security,Active,87
5153,user_5153,Security,Pending,79
5154,user_5154,Operations,Pending,35
5155,user_5155,Engineering,Active,9
5156,user_5156,Engineering,Pending,69
5157,user_5157,Security,Inactive,92
5158,user_5158,Operations,Active,34
5159,user_5159,Operations,Active,53
5160,user_5160,Finance,Inactive,9
5161,user_5161,Operations,Pending,17
5162,user_5162,Engineering,Active,53
5163,user_5163,Security,Active,72
5164,user_5164,Engineering,Pending,25
5165,user_5165,Operations,Pending,25
5166,user_5166,Finance,Pending,39
5167,user_5167,Engineering,Active,12
5168,user_5168,Operations,Pending,27
5169,user_5169,Security,Active,33
5170,user_5170,Security,Active,31
5171,user_5171,Security,Active,79
5172,user_5172,Security,Pending,24
5173,user_5173,Security,Inactive,20
5174,user_5174,Security,Inactive,12
5175,user_5175,Operations,Inactive,23
5176,user_5176,Operations,Inactive,61
5177,user_5177,Security,Pending,75
5178,user_5178,Security,Inactive,72
5179,user_5179,Engineering,Pending,6
5180,user_5180,Finance,Active,43
5181,user_5181,Security,Inactive,30
5182,user_5182,Engineering,Pending,67
5183,user_5183,Security,Active,88
5184,user_5184,Engineering,Inactive,48
5185,user_5185,Security,Active,49
5186,user_5186,Finance,Active,48
5187,user_5187,Security,Inactive,56
5188,user_5188,Engineering,Pending,23
5189,user_5189,Operations,Inactive,98
5190,user_5190,Finance,Pending,71
5191,user_5191,Engineering,Active,7
5192,user_5192,Operations,Inactive,22
5193,user_5193,Engineering,Pending,34
5194,user_5194,Finance,Pending,13
5195,user_5195,Security,Inactive,24
5196,user_5196,Engineering,Inactive,94
5197,user_5197,Finance,Pending,31
5198,user_5198,Operations,Inactive,100
5199,user_5199,Finance,Pending,52
5200,user_5200,Finance,Inactive,7
5201,user_5201,Engineering,Inactive,25
5202,user_5202,Security,Pending,63
5203,user_5203,Operations,Active,76
5204,user_5204,Finance,Pending,1
5205,user_5205,Engineering,Inactive,10
5206,user_5206,Engineering,Active,63
5207,user_5207,Engineering,Inactive,3
5208,user_5208,Engineering,Pending,26
5209,user_5209,Security,Active,53
5210,user_5210,Security,Pending,41
5211,user_5211,Operations,Inactive,97
5212,user_5212,Operations,Inactive,4
5213,user_5213,Operations,Active,3
5214,user_5214,Engineering,Inactive,13
5215,user_5215,Finance,Pending,7
5216,user_5216,Finance,Inactive,95
5217,user_5217,Security,Active,52
5218,user_5218,Engineering,Inactive,80
5219,user_5219,Engineering,Inactive,75
5220,user_5220,Operations,Pending,96
5221,user_5221,Engineering,Inactive,39
5222,user_5222,Operations,Active,36
5223,user_5223,Engineering,Inactive,16
5224,user_5224,Operations,Pending,76
5225,user_5225,Security,Active,74
5226,user_5226,Security,Pending,85
5227,user_5227,Engineering,Pending,23
5228,user_5228,Operations,Pending,1
5229,user_5229,Finance,Pending,79
5230,user_5230,Engineering,Pending,94
5231,user_5231,Security,Inactive,79
5232,user_5232,Finance,Inactive,96
5233,user_5233,Finance,Inactive,18
5234,user_5234,Engineering,Active,53
5235,user_5235,Engineering,Inactive,73
5236,user_5236,Finance,Pending,69
5237,user_5237,Operations,Inactive,70
5238,user_5238,Engineering,Inactive,2
5239,user_5239,Finance,Active,23
5240,user_5240,Security,Active,82
5241,user_5241,Engineering,Active,24
5242,user_5242,Finance,Pending,87
5243,user_5243,Engineering,Pending,76
5244,user_5244,Engineering,Pending,98
5245,user_5245,Engineering,Inactive,29
5246,user_5246,Finance,Active,28
5247,user_5247,Operations,Inactive,27
5248,user_5248,Security,Pending,43
5249,user_5249,Operations,Pending,100
5250,user_5250,Engineering,Inactive,76
5251,user_5251,Finance,Pending,17
5252,user_5252,Operations,Active,29
5253,user_5253,Operations,Inactive,70
5254,user_5254,Engineering,Pending,20
5255,user_5255,Security,Active,91
5256,user_5256,Engineering,Inactive,33
5257,user_5257,Engineering,Active,62
5258,user_5258,Engineering,Active,82
5259,user_5259,Security,Active,88
5260,user_5260,Operations,Pending,19
5261,user_5261,Operations,Inactive,84
5262,user_5262,Operations,Active,32
5263,user_5263,Operations,Active,46
5264,user_5264,Security,Active,33
5265,user_5265,Engineering,Inactive,3
5266,user_5266,Security,Pending,50
5267,user_5267,Engineering,Pending,51
5268,user_5268,Operations,Inactive,72
5269,user_5269,Finance,Inactive,19
5270,user_5270,Operations,Inactive,50
5271,user_5271,Finance,Active,6
5272,user_5272,Finance,Active,86
5273,user_5273,Security,Active,46
5274,user_5274,Security,Active,33
5275,user_5275,Engineering,Pending,25
5276,user_5276,Security,Pending,92
5277,user_5277,Engineering,Pending,98
5278,user_5278,Operations,Pending,25
5279,user_5279,Finance,Inactive,50
5280,user_5280,Operations,Inactive,99
5281,user_5281,Finance,Inactive,63
5282,user_5282,Operations,Pending,2
5283,user_5283,Finance,Pending,75
5284,user_5284,Operations,Active,57
5285,user_5285,Engineering,Inactive,75
5286,user_5286,Finance,Active,11
5287,user_5287,Security,Active,72
5288,user_5288,Engineering,Pending,80
5289,user_5289,Engineering,Active,83
5290,user_5290,Security,Inactive,41
5291,user_5291,Security,Pending,0
5292,user_5292,Engineering,Pending,33
5293,user_5293,Security,Active,95
5294,user_5294,Engineering,Active,66
5295,user_5295,Finance,Inactive,54
5296,user_5296,Finance,Pending,53
5297,user_5297,Engineering,Pending,76
5298,user_5298,Operations,Inactive,60
5299,user_5299,Security,Active,52
5300,user_5300,Finance,Active,33
5301,user_5301,Operations,Inactive,38
5302,user_5302,Engineering,Active,75
5303,user_5303,Security,Active,79
5304,user_5304,Engineering,Pending,85
5305,user_5305,Security,Pending,42
5306,user_5306,Finance,Inactive,9
5307,user_5307,Operations,Active,97
5308,user_5308,Security,Inactive,5
5309,user_5309,Operations,Pending,67
5310,user_5310,Operations,Active,64
5311,user_5311,Finance,Active,69
5312,user_5312,Security,Pending,67
5313,user_5313,Finance,Inactive,57
5314,user_5314,Operations,Pending,52
5315,user_5315,Engineering,Pending,11
5316,user_5316,Finance,Pending,96
5317,user_5317,Engineering,Pending,96
5318,user_5318,Security,Inactive,79
5319,user_5319,Security,Inactive,39
5320,user_5320,Operations,Pending,0
5321,user_5321,Security,Inactive,54
5322,user_5322,Finance,Inactive,20
5323,user_5323,Security,Active,62
5324,user_5324,Engineering,Active,87
5325,user_5325,Engineering,Inactive,1
5326,user_5326,Security,Active,26
5327,user_5327,Engineering,Active,55
5328,user_5328,Security,Pending,95
5329,user_5329,Engineering,Active,67
5330,user_5330,Security,Active,48
5331,user_5331,Engineering,Pending,20
5332,user_5332,Operations,Pending,89
5333,user_5333,Security,Active,48
5334,user_5334,Operations,Active,60
5335,user_5335,Finance,Inactive,72
5336,user_5336,Security,Inactive,61
5337,user_5337,Operations,Pending,54
5338,user_5338,Engineering,Pending,70
5339,user_5339,Security,Active,6
5340,user_5340,Finance,Inactive,100
5341,user_5341,Operations,Pending,17
5342,user_5342,Finance,Pending,16
5343,user_5343,Engineering,Active,39
5344,user_5344,Finance,Active,82
5345,user_5345,Finance,Active,88
5346,user_5346,Security,Active,75
5347,user_5347,Operations,Active,68
5348,user_5348,Finance,Active,66
5349,user_5349,Engineering,Active,8
5350,user_5350,Engineering,Active,100
5351,user_5351,Operations,Pending,42
5352,user_5352,Finance,Pending,21
5353,user_5353,Engineering,Pending,20
5354,user_5354,Finance,Active,15
5355,user_5355,Operations,Inactive,93
5356,user_5356,Security,Active,47
5357,user_5357,Finance,Pending,19
5358,user_5358,Engineering,Inactive,96
5359,user_5359,Engineering,Pending,7
5360,user_5360,Engineering,Pending,53
5361,user_5361,Finance,Inactive,28
5362,user_5362,Finance,Active,82
5363,user_5363,Operations,Active,86
5364,user_5364,Operations,Active,84
5365,user_5365,Operations,Pending,95
5366,user_5366,Finance,Active,72
5367,user_5367,Finance,Pending,19
5368,user_5368,Operations,Inactive,31
5369,user_5369,Operations,Pending,51
5370,user_5370,Operations,Pending,27
5371,user_5371,Security,Active,31
5372,user_5372,Security,Pending,76
5373,user_5373,Engineering,Pending,93
5374,user_5374,Operations,Active,0
5375,user_5375,Finance,Inactive,10
5376,user_5376,Engineering,Inactive,54
5377,user_5377,Security,Active,25
5378,user_5378,Security,Active,86
5379,user_5379,Security,Active,60
5380,user_5380,Operations,Inactive,25
5381,user_5381,Finance,Pending,10
5382,user_5382,Finance,Inactive,15
5383,user_5383,Security,Active,11
5384,user_5384,Operations,Active,68
5385,user_5385,Engineering,Active,71
5386,user_5386,Operations,Active,54
5387,user_5387,Finance,Inactive,99
5388,user_5388,Operations,Active,64
5389,user_5389,Operations,Pending,35
5390,user_5390,Finance,Active,97
5391,user_5391,Finance,Pending,83
5392,user_5392,Security,Active,35
5393,user_5393,Engineering,Pending,86
5394,user_5394,Engineering,Inactive,98
5395,user_5395,Finance,Pending,22
5396,user_5396,Engineering,Inactive,27
5397,user_5397,Finance,Active,67
5398,user_5398,Finance,Inactive,88
5399,user_5399,Finance,Inactive,41
5400,user_5400,Engineering,Inactive,0
5401,user_5401,Engineering,Pending,1
5402,user_5402,Finance,Active,88
5403,user_5403,Operations,Inactive,82
5404,user_5404,Operations,Inactive,43
5405,user_5405,Security,Inactive,58
5406,user_5406,Engineering,Active,94
5407,user_5407,Engineering,Inactive,16
5408,user_5408,Finance,Active,53
5409,user_5409,Finance,Pending,82
5410,user_5410,Engineering,Active,17
5411,user_5411,Security,Inactive,58
5412,user_5412,Security,Active,0
5413,user_5413,Finance,Active,86
5414,user_5414,Finance,Inactive,87
5415,user_5415,Finance,Inactive,100
5416,user_5416,Engineering,Inactive,91
5417,user_5417,Operations,Active,26
5418,user_5418,Finance,Inactive,82
5419,user_5419,Operations,Inactive,34
5420,user_5420,Engineering,Active,7
5421,user_5421,Engineering,Inactive,0
5422,user_5422,Operations,Active,41
5423,user_5423,Finance,Pending,39
5424,user_5424,Security,Pending,44
5425,user_5425,Engineering,Inactive,29
5426,user_5426,Engineering,Pending,11
5427,user_5427,Engineering,Active,33
5428,user_5428,Security,Active,47
5429,user_5429,Security,Inactive,12
5430,user_5430,Operations,Pending,36
5431,user_5431,Security,Active,50
5432,user_5432,Operations,Active,29
5433,user_5433,Finance,Active,28
5434,user_5434,Security,Inactive,33
5435,user_5435,Finance,Pending,81
5436,user_5436,Security,Inactive,67
5437,user_5437,Engineering,Inactive,32
5438,user_5438,Security,Pending,9
5439,user_5439,Security,Active,75
5440,user_5440,Finance,Inactive,66
5441,user_5441,Operations,Pending,8
5442,user_5442,Operations,Inactive,14
5443,user_5443,Operations,Active,48
5444,user_5444,Security,Active,24
5445,user_5445,Security,Inactive,3
5446,user_5446,Finance,Pending,90
5447,user_5447,Finance,Inactive,37
5448,user_5448,Finance,Pending,65
5449,user_5449,Finance,Active,33
5450,user_5450,Engineering,Inactive,89
5451,user_5451,Finance,Pending,57
5452,user_5452,Finance,Pending,77
5453,user_5453,Security,Active,30
5454,user_5454,Operations,Active,77
5455,user_5455,Operations,Inactive,2
5456,user_5456,Operations,Inactive,10
5457,user_5457,Security,Active,34
5458,user_5458,Security,Active,88
5459,user_5459,Security,Pending,71
5460,user_5460,Operations,Active,55
5461,user_5461,Finance,Active,84
5462,user_5462,Operations,Pending,19
5463,user_5463,Engineering,Pending,45
5464,user_5464,Finance,Inactive,18
5465,user_5465,Security,Inactive,23
5466,user_5466,Finance,Active,69
5467,user_5467,Security,Inactive,95
5468,user_5468,Operations,Pending,30
5469,user_5469,Security,Inactive,37
5470,user_5470,Finance,Active,46
5471,user_5471,Finance,Pending,32
5472,user_5472,Engineering,Pending,48
5473,user_5473,Engineering,Active,22
5474,user_5474,Engineering,Pending,61
5475,user_5475,Operations,Inactive,29
5476,user_5476,Finance,Inactive,54
5477,user_5477,Operations,Active,2
5478,user_5478,Finance,Pending,96
5479,user_5479,Engineering,Pending,22
5480,user_5480,Security,Active,80
5481,user_5481,Operations,Active,65
5482,user_5482,Security,Inactive,55
5483,user_5483,Finance,Pending,86
5484,user_5484,Finance,Pending,80
5485,user_5485,Security,Pending,71
5486,user_5486,Engineering,Active,19
5487,user_5487,Security,Inactive,24
5488,user_5488,Operations,Active,44
5489,user_5489,Finance,Active,63
5490,user_5490,Operations,Active,28
5491,user_5491,Security,Pending,67
5492,user_5492,Finance,Active,6
5493,user_5493,Security,Inactive,95
5494,user_5494,Operations,Pending,17
5495,user_5495,Operations,Active,42
5496,user_5496,Operations,Pending,17
5497,user_5497,Engineering,Pending,88
5498,user_5498,Engineering,Inactive,91
5499,user_5499,Finance,Active,66
5500,user_5500,Engineering,Active,27
5501,user_5501,Finance,Pending,53
5502,user_5502,Operations,Inactive,62
5503,user_5503,Operations,Active,65
5504,user_5504,Operations,Pending,40
5505,user_5505,Security,Active,82
5506,user_5506,Engineering,Inactive,20
5507,user_5507,Operations,Pending,74
5508,user_5508,Engineering,Active,100
5509,user_5509,Operations,Pending,17
5510,user_5510,Finance,Inactive,82
5511,user_5511,Finance,Pending,96
5512,user_5512,Engineering,Inactive,50
5513,user_5513,Finance,Active,74
5514,user_5514,Engineering,Inactive,65
5515,user_5515,Security,Active,26
5516,user_5516,Operations,Inactive,41
5517,user_5517,Security,Inactive,62
5518,user_5518,Security,Active,12
5519,user_5519,Operations,Inactive,54
5520,user_5520,Engineering,Pending,36
5521,user_5521,Operations,Active,84
5522,user_5522,Operations,Pending,99
5523,user_5523,Finance,Inactive,76
5524,user_5524,Finance,Inactive,8
5525,user_5525,Operations,Active,100
5526,user_5526,Finance,Active,92
5527,user_5527,Finance,Pending,100
5528,user_5528,Engineering,Pending,25
5529,user_5529,Operations,Inactive,96
5530,user_5530,Engineering,Pending,49
5531,user_5531,Operations,Pending,25
5532,user_5532,Operations,Active,49
5533,user_5533,Engineering,Active,89
5534,user_5534,Operations,Active,68
5535,user_5535,Operations,Pending,50
5536,user_5536,Finance,Inactive,31
5537,user_5537,Engineering,Active,19
5538,user_5538,Security,Inactive,96
5539,user_5539,Engineering,Active,36
5540,user_5540,Operations,Inactive,83
5541,user_5541,Security,Active,60
5542,user_5542,Finance,Inactive,63
5543,user_5543,Security,Active,24
5544,user_5544,Security,Inactive,57
5545,user_5545,Operations,Pending,35
5546,user_5546,Engineering,Pending,54
5547,user_5547,Operations,Active,30
5548,user_5548,Finance,Active,21
5549,user_5549,Operations,Pending,73
5550,user_5550,Operations,Inactive,54
5551,user_5551,Finance,Active,83
5552,user_5552,Security,Inactive,40
5553,user_5553,Operations,Pending,29
5554,user_5554,Finance,Active,48
5555,user_5555,Operations,Active,65
5556,user_5556,Engineering,Active,85
5557,user_5557,Security,Pending,76
5558,user_5558,Finance,Pending,48
5559,user_5559,Operations,Pending,22
5560,user_5560,Finance,Active,24
5561,user_5561,Security,Inactive,63
5562,user_5562,Operations,Pending,82
5563,user_5563,Operations,Pending,38
5564,user_5564,Operations,Active,18
5565,user_5565,Engineering,Pending,91
5566,user_5566,Security,Pending,0
5567,user_5567,Engineering,Active,71
5568,user_5568,Security,Pending,13
5569,user_5569,Engineering,Active,69
5570,user_5570,Operations,Active,84
5571,user_5571,Finance,Pending,18
5572,user_5572,Engineering,Pending,34
5573,user_5573,Operations,Active,1
5574,user_5574,Finance,Inactive,60
5575,user_5575,Finance,Inactive,99
5576,user_5576,Security,Inactive,60
5577,user_5577,Operations,Active,23
5578,user_5578,Engineering,Inactive,91
5579,user_5579,Finance,Inactive,92
5580,user_5580,Security,Inactive,28
5581,user_5581,Finance,Inactive,56
5582,user_5582,Engineering,Active,60
5583,user_5583,Security,Pending,10
5584,user_5584,Engineering,Inactive,39
5585,user_5585,Finance,Pending,59
5586,user_5586,Operations,Inactive,78
5587,user_5587,Engineering,Inactive,49
5588,user_5588,Security,Active,63
5589,user_5589,Operations,Active,55
5590,user_5590,Security,Inactive,20
5591,user_5591,Security,Inactive,7
5592,user_5592,Security,Pending,98
5593,user_5593,Finance,Inactive,60
5594,user_5594,Engineering,Active,34
5595,user_5595,Security,Pending,17
5596,user_5596,Security,Active,62
5597,user_5597,Operations,Pending,91
5598,user_5598,Operations,Inactive,95
5599,user_5599,Finance,Active,59
5600,user_5600,Security,Inactive,77
5601,user_5601,Engineering,Inactive,79
5602,user_5602,Security,Inactive,15
5603,user_5603,Operations,Pending,80
5604,user_5604,Engineering,Inactive,45
5605,user_5605,Operations,Pending,31
5606,user_5606,Operations,Inactive,17
5607,user_5607,Finance,Inactive,45
5608,user_5608,Operations,Pending,90
5609,user_5609,Operations,Active,62
5610,user_5610,Security,Active,70
5611,user_5611,Engineering,Active,86
5612,user_5612,Finance,Inactive,84
5613,user_5613,Finance,Pending,2
5614,user_5614,Security,Pending,96
5615,user_5615,Security,Active,85
5616,user_5616,Operations,Inactive,87
5617,user_5617,Engineering,Active,8
5618,user_5618,Security,Inactive,64
5619,user_5619,Operations,Active,88
5620,user_5620,Finance,Pending,65
5621,user_5621,Operations,Pending,88
5622,user_5622,Security,Active,36
5623,user_5623,Engineering,Active,83
5624,user_5624,Finance,Pending,19
5625,user_5625,Operations,Inactive,76
5626,user_5626,Security,Pending,1
5627,user_5627,Finance,Inactive,91
5628,user_5628,Engineering,Pending,12
5629,user_5629,Operations,Inactive,10
5630,user_5630,Security,Pending,60
5631,user_5631,Security,Active,90
5632,user_5632,Operations,Active,56
5633,user_5633,Finance,Active,53
5634,user_5634,Finance,Pending,75
5635,user_5635,Engineering,Pending,64
5636,user_5636,Operations,Pending,22
5637,user_5637,Security,Inactive,80
5638,user_5638,Security,Pending,92
5639,user_5639,Security,Inactive,43
5640,user_5640,Operations,Pending,82
5641,user_5641,Security,Pending,36
5642,user_5642,Engineering,Pending,3
5643,user_5643,Operations,Active,16
5644,user_5644,Security,Inactive,32
5645,user_5645,Engineering,Active,29
5646,user_5646,Security,Inactive,83
5647,user_5647,Finance,Active,5
5648,user_5648,Engineering,Active,84
5649,user_5649,Operations,Active,20
5650,user_5650,Engineering,Inactive,69
5651,user_5651,Engineering,Pending,64
5652,user_5652,Operations,Pending,48
5653,user_5653,Engineering,Pending,97
5654,user_5654,Finance,Inactive,64
5655,user_5655,Operations,Inactive,54
5656,user_5656,Security,Pending,85
5657,user_5657,Operations,Active,83
5658,user_5658,Operations,Active,9
5659,user_5659,Security,Active,72
5660,user_5660,Finance,Active,46
5661,user_5661,Operations,Inactive,77
5662,user_5662,Operations,Active,78
5663,user_5663,Finance,Inactive,15
5664,user_5664,Finance,Active,37
5665,user_5665,Finance,Pending,79
5666,user_5666,Security,Pending,20
5667,user_5667,Security,Active,96
5668,user_5668,Operations,Inactive,95
5669,user_5669,Operations,Pending,65
5670,user_5670,Engineering,Pending,27
5671,user_5671,Engineering,Active,47
5672,user_5672,Engineering,Active,2
5673,user_5673,Operations,Active,88
5674,user_5674,Operations,Active,62
5675,user_5675,Finance,Inactive,44
5676,user_5676,Finance,Inactive,89
5677,user_5677,Operations,Pending,74
5678,user_5678,Engineering,Pending,31
5679,user_5679,Finance,Inactive,30
5680,user_5680,Engineering,Pending,28
5681,user_5681,Engineering,Pending,8
5682,user_5682,Security,Inactive,59
5683,user_5683,Engineering,Pending,65
5684,user_5684,Finance,Active,60
5685,user_5685,Engineering,Inactive,29
5686,user_5686,Security,Inactive,45
5687,user_5687,Security,Pending,70
5688,user_5688,Security,Pending,34
5689,user_5689,Engineering,Inactive,40
5690,user_5690,Finance,Inactive,3
5691,user_5691,Finance,Pending,46
5692,user_5692,Engineering,Active,57
5693,user_5693,Operations,Inactive,86
5694,user_5694,Engineering,Inactive,10
5695,user_5695,Finance,Inactive,20
5696,user_5696,Engineering,Pending,51
5697,user_5697,Security,Active,28
5698,user_5698,Operations,Pending,52
5699,user_5699,Security,Inactive,99
5700,user_5700,Operations,Pending,86
5701,user_5701,Security,Inactive,60
5702,user_5702,Operations,Pending,24
5703,user_5703,Engineering,Active,3
5704,user_5704,Finance,Active,97
5705,user_5705,Engineering,Inactive,95
5706,user_5706,Finance,Active,19
5707,user_5707,Finance,Pending,74
5708,user_5708,Security,Pending,47
5709,user_5709,Engineering,Active,51
5710,user_5710,Operations,Inactive,59
5711,user_5711,Engineering,Inactive,10
5712,user_5712,Engineering,Pending,11
5713,user_5713,Engineering,Inactive,3
5714,user_5714,Engineering,Inactive,12
5715,user_5715,Finance,Inactive,11
5716,user_5716,Finance,Active,89
5717,user_5717,Engineering,Active,89
5718,user_5718,Finance,Pending,35
5719,user_5719,Security,Pending,93
5720,user_5720,Engineering,Pending,64
5721,user_5721,Engineering,Active,73
5722,user_5722,Finance,Active,16
5723,user_5723,Security,Pending,35
5724,user_5724,Operations,Inactive,56
5725,user_5725,Engineering,Pending,64
5726,user_5726,Security,Active,2
5727,user_5727,Engineering,Active,60
5728,user_5728,Security,Pending,35
5729,user_5729,Security,Active,63
5730,user_5730,Finance,Pending,9
5731,user_5731,Security,Active,99
5732,user_5732,Engineering,Inactive,84
5733,user_5733,Engineering,Pending,100
5734,user_5734,Security,Active,47
5735,user_5735,Finance,Active,24
5736,user_5736,Operations,Active,11
5737,user_5737,Finance,Inactive,20
5738,user_5738,Finance,Active,38
5739,user_5739,Finance,Pending,56
5740,user_5740,Security,Inactive,1
5741,user_5741,Finance,Active,95
5742,user_5742,Operations,Active,68
5743,user_5743,Finance,Pending,57
5744,user_5744,Finance,Inactive,94
5745,user_5745,Engineering,Pending,64
5746,user_5746,Engineering,Active,27
5747,user_5747,Security,Pending,19
5748,user_5748,Engineering,Active,96
5749,user_5749,Finance,Pending,72
5750,user_5750,Operations,Inactive,29
5751,user_5751,Engineering,Pending,45
5752,user_5752,Security,Pending,49
5753,user_5753,Engineering,Active,71
5754,user_5754,Finance,Inactive,89
5755,user_5755,Finance,Active,89
5756,user_5756,Operations,Inactive,29
5757,user_5757,Security,Pending,11
5758,user_5758,Engineering,Inactive,54
5759,user_5759,Engineering,Active,60
5760,user_5760,Security,Inactive,50
5761,user_5761,Engineering,Pending,64
5762,user_5762,Operations,Inactive,73
5763,user_5763,Finance,Pending,23
5764,user_5764,Security,Pending,57
5765,user_5765,Engineering,Pending,37
5766,user_5766,Finance,Inactive,5
5767,user_5767,Operations,Pending,18
5768,user_5768,Engineering,Pending,66
5769,user_5769,Security,Active,96
5770,user_5770,Finance,Active,21
5771,user_5771,Operations,Pending,74
5772,user_5772,Finance,Inactive,65
5773,user_5773,Finance,Pending,17
5774,user_5774,Engineering,Inactive,35
5775,user_5775,Security,Pending,14
5776,user_5776,Engineering,Inactive,72
5777,user_5777,Security,Pending,71
5778,user_5778,Engineering,Inactive,90
5779,user_5779,Security,Inactive,41
5780,user_5780,Security,Pending,35
5781,user_5781,Engineering,Active,75
5782,user_5782,Engineering,Pending,67
5783,user_5783,Engineering,Pending,74
5784,user_5784,Operations,Inactive,88
5785,user_5785,Operations,Inactive,26
5786,user_5786,Finance,Inactive,81
5787,user_5787,Finance,Pending,40
5788,user_5788,Operations,Inactive,30
5789,user_5789,Security,Inactive,99
5790,user_5790,Security,Inactive,29
5791,user_5791,Engineering,Active,94
5792,user_5792,Finance,Pending,73
5793,user_5793,Operations,Pending,99
5794,user_5794,Finance,Inactive,28
5795,user_5795,Engineering,Inactive,43
5796,user_5796,Security,Pending,67
5797,user_5797,Security,Inactive,71
5798,user_5798,Security,Active,31
5799,user_5799,Engineering,Pending,60
5800,user_5800,Engineering,Inactive,4
5801,user_5801,Engineering,Inactive,60
5802,user_5802,Finance,Inactive,75
5803,user_5803,Finance,Pending,21
5804,user_5804,Operations,Active,84
5805,user_5805,Security,Inactive,5
5806,user_5806,Finance,Pending,31
5807,user_5807,Operations,Pending,32
5808,user_5808,Engineering,Inactive,98
5809,user_5809,Engineering,Active,52
5810,user_5810,Finance,Pending,38
5811,user_5811,Engineering,Pending,49
5812,user_5812,Operations,Pending,12
5813,user_5813,Finance,Pending,43
5814,user_5814,Security,Pending,54
5815,user_5815,Operations,Pending,25
5816,user_5816,Operations,Inactive,29
5817,user_5817,Security,Active,88
5818,user_5818,Finance,Active,6
5819,user_5819,Engineering,Active,14
5820,user_5820,Engineering,Inactive,91
5821,user_5821,Security,Pending,76
5822,user_5822,Finance,Active,95
5823,user_5823,Engineering,Inactive,31
5824,user_5824,Engineering,Pending,75
5825,user_5825,Engineering,Pending,85
5826,user_5826,Engineering,Pending,69
5827,user_5827,Engineering,Active,15
5828,user_5828,Finance,Active,34
5829,user_5829,Engineering,Active,35
5830,user_5830,Operations,Active,99
5831,user_5831,Engineering,Inactive,4
5832,user_5832,Engineering,Active,88
5833,user_5833,Finance,Inactive,16
5834,user_5834,Security,Active,55
5835,user_5835,Engineering,Inactive,47
5836,user_5836,Security,Active,52
5837,user_5837,Finance,Active,39
5838,user_5838,Security,Pending,8
5839,user_5839,Engineering,Pending,91
5840,user_5840,Security,Inactive,92
5841,user_5841,Engineering,Active,14
5842,user_5842,Operations,Pending,17
5843,user_5843,Operations,Pending,83
5844,user_5844,Finance,Active,49
5845,user_5845,Engineering,Inactive,0
5846,user_5846,Operations,Pending,81
5847,user_5847,Operations,Active,26
5848,user_5848,Security,Inactive,67
5849,user_5849,Security,Pending,86
5850,user_5850,Security,Inactive,90
5851,user_5851,Finance,Active,37
5852,user_5852,Finance,Pending,41
5853,user_5853,Finance,Inactive,83
5854,user_5854,Security,Active,71
5855,user_5855,Security,Active,78
5856,user_5856,Operations,Active,53
5857,user_5857,Security,Active,88
5858,user_5858,Operations,Inactive,26
5859,user_5859,Security,Inactive,99
5860,user_5860,Engineering,Inactive,35
5861,user_5861,Engineering,Pending,25
5862,user_5862,Engineering,Active,93
5863,user_5863,Operations,Active,84
5864,user_5864,Finance,Pending,79
5865,user_5865,Security,Pending,76
5866,user_5866,Security,Inactive,92
5867,user_5867,Operations,Inactive,41
5868,user_5868,Security,Active,80
5869,user_5869,Security,Inactive,38
5870,user_5870,Finance,Active,91
5871,user_5871,Operations,Inactive,52
5872,user_5872,Engineering,Active,73
5873,user_5873,Security,Pending,0
5874,user_5874,Engineering,Active,95
5875,user_5875,Security,Pending,35
5876,user_5876,Operations,Inactive,19
5877,user_5877,Engineering,Pending,25
5878,user_5878,Security,Active,94
5879,user_5879,Engineering,Pending,49
5880,user_5880,Engineering,Pending,56
5881,user_5881,Operations,Active,91
5882,user_5882,Operations,Active,67
5883,user_5883,Finance,Active,30
5884,user_5884,Operations,Inactive,65
5885,user_5885,Finance,Pending,50
5886,user_5886,Finance,Inactive,65
5887,user_5887,Operations,Inactive,58
5888,user_5888,Engineering,Inactive,64
5889,user_5889,Finance,Pending,18
5890,user_5890,Engineering,Pending,68
5891,user_5891,Finance,Inactive,1
5892,user_5892,Finance,Active,47
5893,user_5893,Operations,Pending,36
5894,user_5894,Security,Active,9
5895,user_5895,Engineering,Pending,56
5896,user_5896,Engineering,Pending,54
5897,user_5897,Security,Pending,97
5898,user_5898,Finance,Pending,4
5899,user_5899,Operations,Inactive,56
5900,user_5900,Operations,Inactive,62
5901,user_5901,Operations,Inactive,26
5902,user_5902,Finance,Inactive,31
5903,user_5903,Finance,Pending,22
5904,user_5904,Finance,Pending,36
5905,user_5905,Operations,Inactive,52
5906,user_5906,Engineering,Pending,0
5907,user_5907,Finance,Pending,32
5908,user_5908,Operations,Pending,20
5909,user_5909,Engineering,Active,37
5910,user_5910,Engineering,Active,79
5911,user_5911,Operations,Pending,96
5912,user_5912,Security,Pending,9
5913,user_5913,Operations,Pending,42
5914,user_5914,Finance,Inactive,12
5915,user_5915,Security,Active,47
5916,user_5916,Engineering,Active,46
5917,user_5917,Operations,Active,96
5918,user_5918,Security,Active,91
5919,user_5919,Engineering,Inactive,33
5920,user_5920,Operations,Pending,19
5921,user_5921,Engineering,Active,49
5922,user_5922,Finance,Inactive,99
5923,user_5923,Security,Active,1
5924,user_5924,Engineering,Active,77
5925,user_5925,Engineering,Active,21
5926,user_5926,Finance,Inactive,86
5927,user_5927,Operations,Inactive,60
5928,user_5928,Finance,Pending,5
5929,user_5929,Finance,Active,76
5930,user_5930,Engineering,Active,45
5931,user_5931,Security,Inactive,63
5932,user_5932,Engineering,Active,83
5933,user_5933,Finance,Active,5
5934,user_5934,Operations,Active,48
5935,user_5935,Engineering,Active,41
5936,user_5936,Security,Active,82
5937,user_5937,Operations,Pending,12
5938,user_5938,Finance,Inactive,89
5939,user_5939,Operations,Pending,78
5940,user_5940,Engineering,Inactive,71
5941,user_5941,Security,Pending,93
5942,user_5942,Security,Pending,97
5943,user_5943,Engineering,Inactive,79
5944,user_5944,Security,Active,96
5945,user_5945,Engineering,Inactive,61
5946,user_5946,Finance,Pending,46
5947,user_5947,Engineering,Pending,46
5948,user_5948,Security,Pending,59
5949,user_5949,Operations,Active,20
5950,user_5950,Operations,Active,2
5951,user_5951,Finance,Pending,41
5952,user_5952,Engineering,Active,61
5953,user_5953,Engineering,Pending,68
5954,user_5954,Finance,Inactive,13
5955,user_5955,Finance,Active,86
5956,user_5956,Security,Inactive,23
5957,user_5957,Engineering,Inactive,5
5958,user_5958,Operations,Inactive,67
5959,user_5959,Security,Active,55
5960,user_5960,Security,Active,20
5961,user_5961,Finance,Pending,2
5962,user_5962,Engineering,Inactive,85
5963,user_5963,Operations,Inactive,84
5964,user_5964,Finance,Active,59
5965,user_5965,Operations,Pending,48
5966,user_5966,Finance,Inactive,93
5967,user_5967,Operations,Pending,10
5968,user_5968,Engineering,Active,62
5969,user_5969,Security,Active,0
5970,user_5970,Security,Inactive,27
5971,user_5971,Operations,Active,98
5972,user_5972,Finance,Inactive,69
5973,user_5973,Finance,Active,41
5974,user_5974,Operations,Pending,65
5975,user_5975,Finance,Pending,36
5976,user_5976,Security,Active,39
5977,user_5977,Security,Pending,40
5978,user_5978,Operations,Pending,39
5979,user_5979,Security,Pending,96
5980,user_5980,Operations,Pending,29
5981,user_5981,Operations,Active,65
5982,user_5982,Engineering,Inactive,64
5983,user_5983,Engineering,Pending,68
5984,user_5984,Finance,Active,42
5985,user_5985,Finance,Inactive,51
5986,user_5986,Operations,Pending,65
5987,user_5987,Operations,Inactive,69
5988,user_5988,Security,Active,34
5989,user_5989,Finance,Inactive,91
5990,user_5990,Engineering,Active,49
5991,user_5991,Finance,Pending,30
5992,user_5992,Finance,Pending,30
5993,user_5993,Security,Active,54
5994,user_5994,Operations,Active,70
5995,user_5995,Finance,Inactive,35
5996,user_5996,Security,Inactive,93
5997,user_5997,Engineering,Active,76
5998,user_5998,Security,Pending,24
5999,user_5999,Engineering,Inactive,34
6000,user_6000,Security,Pending,1
6001,user_6001,Security,Inactive,6
6002,user_6002,Engineering,Inactive,74
6003,user_6003,Engineering,Inactive,17
6004,user_6004,Finance,Active,90
6005,user_6005,Finance,Pending,4
6006,user_6006,Finance,Pending,64
6007,user_6007,Operations,Pending,14
6008,user_6008,Operations,Active,93
6009,user_6009,Engineering,Pending,15
6010,user_6010,Engineering,Pending,3
6011,user_6011,Finance,Inactive,29
6012,user_6012,Finance,Active,62
6013,user_6013,Engineering,Inactive,19
6014,user_6014,Security,Active,37
6015,user_6015,Finance,Active,96
6016,user_6016,Operations,Active,89
6017,user_6017,Engineering,Pending,39
6018,user_6018,Finance,Inactive,46
6019,user_6019,Engineering,Inactive,67
6020,user_6020,Engineering,Active,26
6021,user_6021,Engineering,Active,78
6022,user_6022,Finance,Pending,41
6023,user_6023,Finance,Inactive,98
6024,user_6024,Engineering,Active,8
6025,user_6025,Finance,Inactive,82
6026,user_6026,Finance,Inactive,93
6027,user_6027,Operations,Inactive,88
6028,user_6028,Engineering,Pending,32
6029,user_6029,Security,Pending,98
6030,user_6030,Finance,Active,78
6031,user_6031,Engineering,Pending,69
6032,user_6032,Finance,Pending,25
6033,user_6033,Security,Active,56
6034,user_6034,Engineering,Active,46
6035,user_6035,Operations,Active,19
6036,user_6036,Security,Inactive,40
6037,user_6037,Finance,Pending,58
6038,user_6038,Security,Inactive,38
6039,user_6039,Operations,Inactive,94
6040,user_6040,Engineering,Pending,79
6041,user_6041,Engineering,Pending,18
6042,user_6042,Operations,Active,72
6043,user_6043,Finance,Inactive,15
6044,user_6044,Finance,Active,43
6045,user_6045,Security,Pending,11
6046,user_6046,Operations,Active,63
6047,user_6047,Finance,Active,23
6048,user_6048,Finance,Active,37
6049,user_6049,Engineering,Active,54
6050,user_6050,Engineering,Pending,99
6051,user_6051,Operations,Active,54
6052,user_6052,Finance,Inactive,8
6053,user_6053,Engineering,Active,14
6054,user_6054,Operations,Pending,31
6055,user_6055,Security,Inactive,62
6056,user_6056,Finance,Active,16
6057,user_6057,Finance,Active,73
6058,user_6058,Finance,Pending,75
6059,user_6059,Security,Pending,38
6060,user_6060,Engineering,Pending,26
6061,user_6061,Finance,Inactive,75
6062,user_6062,Security,Pending,55
6063,user_6063,Operations,Pending,27
6064,user_6064,Engineering,Pending,87
6065,user_6065,Engineering,Active,14
6066,user_6066,Engineering,Inactive,37
6067,user_6067,Operations,Pending,22
6068,user_6068,Security,Active,11
6069,user_6069,Finance,Inactive,15
6070,user_6070,Operations,Inactive,12
6071,user_6071,Security,Active,88
6072,user_6072,Operations,Pending,66
6073,user_6073,Security,Inactive,17
6074,user_6074,Security,Inactive,15
6075,user_6075,Engineering,Active,32
6076,user_6076,Finance,Pending,25
6077,user_6077,Finance,Active,81
6078,user_6078,Finance,Inactive,16
6079,user_6079,Finance,Inactive,42
6080,user_6080,Operations,Pending,0
6081,user_6081,Security,Inactive,89
6082,user_6082,Finance,Active,40
6083,user_6083,Security,Pending,41
6084,user_6084,Security,Active,97
6085,user_6085,Finance,Active,4
6086,user_6086,Security,Inactive,16
6087,user_6087,Security,Pending,55
6088,user_6088,Finance,Active,65
6089,user_6089,Security,Pending,90
6090,user_6090,Operations,Inactive,18
6091,user_6091,Security,Inactive,97
6092,user_6092,Engineering,Inactive,20
6093,user_6093,Engineering,Pending,73
6094,user_6094,Engineering,Inactive,60
6095,user_6095,Security,Pending,95
6096,user_6096,Operations,Inactive,55
6097,user_6097,Operations,Inactive,91
6098,user_6098,Engineering,Pending,16
6099,user_6099,Security,Active,66
6100,user_6100,Operations,Inactive,27
6101,user_6101,Security,Inactive,60
6102,user_6102,Security,Inactive,34
6103,user_6103,Finance,Pending,13
6104,user_6104,Engineering,Inactive,66
6105,user_6105,Security,Pending,73
6106,user_6106,Engineering,Inactive,28
6107,user_6107,Security,Inactive,94
6108,user_6108,Finance,Pending,21
6109,user_6109,Operations,Pending,16
6110,user_6110,Engineering,Active,38
6111,user_6111,Operations,Pending,97
6112,user_6112,Operations,Pending,80
6113,user_6113,Operations,Active,58
6114,user_6114,Finance,Inactive,36
6115,user_6115,Engineering,Active,22
6116,user_6116,Finance,Inactive,33
6117,user_6117,Finance,Active,57
6118,user_6118,Engineering,Inactive,28
6119,user_6119,Engineering,Inactive,22
6120,user_6120,Finance,Active,84
6121,user_6121,Operations,Pending,85
6122,user_6122,Finance,Inactive,76
6123,user_6123,Security,Active,17
6124,user_6124,Engineering,Pending,44
6125,user_6125,Finance,Inactive,59
6126,user_6126,Security,Inactive,3
6127,user_6127,Operations,Active,83
6128,user_6128,Engineering,Inactive,86
6129,user_6129,Engineering,Pending,25
6130,user_6130,Finance,Inactive,95
6131,user_6131,Operations,Pending,37
6132,user_6132,Engineering,Inactive,38
6133,user_6133,Security,Inactive,87
6134,user_6134,Operations,Pending,10
6135,user_6135,Security,Pending,71
6136,user_6136,Operations,Inactive,25
6137,user_6137,Engineering,Pending,6
6138,user_6138,Operations,Inactive,9
6139,user_6139,Engineering,Inactive,45
6140,user_6140,Operations,Inactive,21
6141,user_6141,Operations,Pending,69
6142,user_6142,Security,Active,61
6143,user_6143,Engineering,Pending,60
6144,user_6144,Security,Active,57
6145,user_6145,Finance,Pending,9
6146,user_6146,Security,Pending,4
6147,user_6147,Security,Pending,83
6148,user_6148,Operations,Active,5
6149,user_6149,Security,Pending,81
6150,user_6150,Engineering,Inactive,19
6151,user_6151,Security,Pending,41
6152,user_6152,Operations,Inactive,57
6153,user_6153,Operations,Active,41
6154,user_6154,Finance,Inactive,49
6155,user_6155,Operations,Pending,0
6156,user_6156,Operations,Pending,60
6157,user_6157,Security,Active,20
6158,user_6158,Finance,Pending,56
6159,user_6159,Operations,Inactive,80
6160,user_6160,Engineering,Inactive,60
6161,user_6161,Finance,Inactive,60
6162,user_6162,Security,Inactive,19
6163,user_6163,Finance,Inactive,35
6164,user_6164,Finance,Inactive,12
6165,user_6165,Operations,Pending,94
6166,user_6166,Engineering,Inactive,18
6167,user_6167,Operations,Active,65
6168,user_6168,Operations,Inactive,73
6169,user_6169,Operations,Inactive,19
6170,user_6170,Security,Pending,44
6171,user_6171,Operations,Pending,100
6172,user_6172,Security,Active,74
6173,user_6173,Finance,Inactive,95
6174,user_6174,Security,Active,73
6175,user_6175,Engineering,Active,43
6176,user_6176,Finance,Active,1
6177,user_6177,Finance,Active,17
6178,user_6178,Operations,Inactive,24
6179,user_6179,Security,Pending,60
6180,user_6180,Finance,Inactive,81
6181,user_6181,Operations,Inactive,34
6182,user_6182,Operations,Pending,52
6183,user_6183,Security,Pending,60
6184,user_6184,Security,Active,81
6185,user_6185,Engineering,Inactive,17
6186,user_6186,Operations,Active,1
6187,user_6187,Security,Active,48
6188,user_6188,Engineering,Pending,23
6189,user_6189,Operations,Active,30
6190,user_6190,Engineering,Inactive,93
6191,user_6191,Operations,Inactive,10
6192,user_6192,Operations,Active,34
6193,user_6193,Engineering,Inactive,90
6194,user_6194,Engineering,Active,71
6195,user_6195,Security,Pending,87
6196,user_6196,Finance,Inactive,42
6197,user_6197,Operations,Active,15
6198,user_6198,Engineering,Inactive,34
6199,user_6199,Finance,Inactive,51
6200,user_6200,Security,Inactive,40
6201,user_6201,Operations,Pending,32
6202,user_6202,Security,Pending,62
6203,user_6203,Security,Active,91
6204,user_6204,Operations,Inactive,56
6205,user_6205,Operations,Active,74
6206,user_6206,Engineering,Inactive,52
6207,user_6207,Finance,Active,92
6208,user_6208,Finance,Pending,0
6209,user_6209,Engineering,Pending,29
6210,user_6210,Finance,Inactive,45
6211,user_6211,Operations,Pending,23
6212,user_6212,Engineering,Pending,52
6213,user_6213,Security,Inactive,3
6214,user_6214,Operations,Pending,28
6215,user_6215,Finance,Active,35
6216,user_6216,Finance,Inactive,17
6217,user_6217,Engineering,Pending,74
6218,user_6218,Engineering,Inactive,54
6219,user_6219,Operations,Inactive,76
6220,user_6220,Operations,Pending,91
6221,user_6221,Engineering,Inactive,66
6222,user_6222,Engineering,Pending,23
6223,user_6223,Engineering,Inactive,80
6224,user_6224,Finance,Pending,64
6225,user_6225,Finance,Pending,3
6226,user_6226,Engineering,Inactive,4
6227,user_6227,Engineering,Active,24
6228,user_6228,Operations,Active,24
6229,user_6229,Engineering,Active,26
6230,user_6230,Security,Active,80
6231,user_6231,Operations,Active,35
6232,user_6232,Operations,Pending,24
6233,user_6233,Finance,Pending,2
6234,user_6234,Finance,Pending,41
6235,user_6235,Security,Active,11
6236,user_6236,Operations,Inactive,81
6237,user_6237,Finance,Pending,7
6238,user_6238,Security,Active,77
6239,user_6239,Finance,Inactive,88
6240,user_6240,Engineering,Pending,89
6241,user_6241,Security,Inactive,55
6242,user_6242,Security,Pending,69
6243,user_6243,Engineering,Pending,9
6244,user_6244,Engineering,Pending,54
6245,user_6245,Finance,Active,93
6246,user_6246,Finance,Inactive,77
6247,user_6247,Operations,Active,25
6248,user_6248,Finance,Inactive,37
6249,user_6249,Engineering,Pending,34
6250,user_6250,Finance,Inactive,0
6251,user_6251,Finance,Pending,79
6252,user_6252,Security,Pending,38
6253,user_6253,Engineering,Pending,17
6254,user_6254,Finance,Pending,70
6255,user_6255,Finance,Inactive,37
6256,user_6256,Finance,Active,55
6257,user_6257,Operations,Active,92
6258,user_6258,Finance,Pending,98
6259,user_6259,Engineering,Inactive,81
6260,user_6260,Operations,Active,11
6261,user_6261,Finance,Inactive,39
6262,user_6262,Security,Pending,40
6263,user_6263,Security,Pending,70
6264,user_6264,Operations,Pending,50
6265,user_6265,Security,Active,30
6266,user_6266,Security,Active,25
6267,user_6267,Engineering,Pending,17
6268,user_6268,Operations,Inactive,40
6269,user_6269,Security,Inactive,44
6270,user_6270,Finance,Pending,23
6271,user_6271,Engineering,Inactive,61
6272,user_6272,Engineering,Inactive,100
6273,user_6273,Engineering,Pending,84
6274,user_6274,Operations,Pending,4
6275,user_6275,Engineering,Active,25
6276,user_6276,Security,Inactive,63
6277,user_6277,Security,Inactive,99
6278,user_6278,Security,Pending,97
6279,user_6279,Finance,Pending,62
6280,user_6280,Engineering,Active,46
6281,user_6281,Finance,Inactive,12
6282,user_6282,Finance,Active,50
6283,user_6283,Engineering,Pending,18
6284,user_6284,Operations,Inactive,16
6285,user_6285,Security,Active,18
6286,user_6286,Engineering,Pending,43
6287,user_6287,Engineering,Pending,46
6288,user_6288,Operations,Pending,90
6289,user_6289,Operations,Pending,17
6290,user_6290,Finance,Inactive,22
6291,user_6291,Engineering,Inactive,3
6292,user_6292,Security,Inactive,84
6293,user_6293,Engineering,Active,86
6294,user_6294,Finance,Active,45
6295,user_6295,Operations,Active,62
6296,user_6296,Finance,Pending,28
6297,user_6297,Engineering,Inactive,62
6298,user_6298,Finance,Inactive,36
6299,user_6299,Engineering,Pending,77
6300,user_6300,Engineering,Inactive,18
6301,user_6301,Operations,Pending,14
6302,user_6302,Security,Pending,46
6303,user_6303,Operations,Pending,58
6304,user_6304,Engineering,Inactive,99
6305,user_6305,Finance,Active,37
6306,user_6306,Security,Inactive,29
6307,user_6307,Operations,Pending,60
6308,user_6308,Operations,Pending,48
6309,user_6309,Security,Pending,50
6310,user_6310,Finance,Active,93
6311,user_6311,Engineering,Inactive,27
6312,user_6312,Finance,Active,14
6313,user_6313,Engineering,Active,70
6314,user_6314,Security,Pending,16
6315,user_6315,Operations,Inactive,81
6316,user_6316,Operations,Inactive,9
6317,user_6317,Finance,Active,40
6318,user_6318,Operations,Pending,24
6319,user_6319,Finance,Inactive,60
6320,user_6320,Security,Pending,87
6321,user_6321,Engineering,Pending,21
6322,user_6322,Engineering,Active,70
6323,user_6323,Engineering,Inactive,90
6324,user_6324,Engineering,Pending,27
6325,user_6325,Finance,Active,97
6326,user_6326,Finance,Pending,46
6327,user_6327,Engineering,Inactive,78
6328,user_6328,Operations,Active,56
6329,user_6329,Security,Pending,96
6330,user_6330,Security,Pending,72
6331,user_6331,Security,Active,40
6332,user_6332,Operations,Inactive,57
6333,user_6333,Engineering,Pending,28
6334,user_6334,Operations,Active,30
6335,user_6335,Operations,Pending,97
6336,user_6336,Engineering,Pending,94
6337,user_6337,Finance,Active,55
6338,user_6338,Engineering,Inactive,88
6339,user_6339,Finance,Pending,48
6340,user_6340,Security,Pending,2
6341,user_6341,Operations,Pending,9
6342,user_6342,Security,Inactive,62
6343,user_6343,Operations,Inactive,16
6344,user_6344,Operations,Inactive,6
6345,user_6345,Security,Inactive,8
6346,user_6346,Security,Active,85
6347,user_6347,Finance,Active,16
6348,user_6348,Security,Active,26
6349,user_6349,Engineering,Active,82
6350,user_6350,Security,Active,15
6351,user_6351,Security,Inactive,61
6352,user_6352,Finance,Active,81
6353,user_6353,Security,Inactive,67
6354,user_6354,Security,Active,31
6355,user_6355,Finance,Active,38
6356,user_6356,Finance,Inactive,19
6357,user_6357,Engineering,Pending,85
6358,user_6358,Operations,Active,30
6359,user_6359,Security,Active,10
6360,user_6360,Engineering,Active,45
6361,user_6361,Finance,Active,79
6362,user_6362,Engineering,Active,47
6363,user_6363,Engineering,Inactive,6
6364,user_6364,Operations,Active,14
6365,user_6365,Engineering,Active,78
6366,user_6366,Operations,Inactive,88
6367,user_6367,Security,Pending,36
6368,user_6368,Engineering,Pending,65
6369,user_6369,Security,Inactive,21
6370,user_6370,Engineering,Pending,23
6371,user_6371,Finance,Pending,13
6372,user_6372,Security,Inactive,73
6373,user_6373,Operations,Pending,82
6374,user_6374,Engineering,Pending,83
6375,user_6375,Security,Pending,76
6376,user_6376,Operations,Pending,80
6377,user_6377,Engineering,Active,19
6378,user_6378,Engineering,Pending,79
6379,user_6379,Operations,Pending,100
6380,user_6380,Security,Pending,27
6381,user_6381,Operations,Inactive,57
6382,user_6382,Finance,Inactive,84
6383,user_6383,Engineering,Inactive,81
6384,user_6384,Finance,Active,36
6385,user_6385,Operations,Inactive,87
6386,user_6386,Security,Inactive,45
6387,user_6387,Security,Inactive,74
6388,user_6388,Finance,Pending,3
6389,user_6389,Finance,Pending,56
6390,user_6390,Security,Pending,2
6391,user_6391,Finance,Pending,81
6392,user_6392,Engineering,Pending,9
6393,user_6393,Finance,Inactive,76
6394,user_6394,Engineering,Pending,50
6395,user_6395,Engineering,Inactive,91
6396,user_6396,Operations,Pending,1
6397,user_6397,Finance,Inactive,83
6398,user_6398,Security,Inactive,67
6399,user_6399,Operations,Active,54
6400,user_6400,Security,Active,33
6401,user_6401,Finance,Inactive,58
6402,user_6402,Security,Pending,68
6403,user_6403,Finance,Pending,36
6404,user_6404,Engineering,Inactive,52
6405,user_6405,Engineering,Pending,92
6406,user_6406,Engineering,Inactive,44
6407,user_6407,Finance,Inactive,36
6408,user_6408,Operations,Inactive,22
6409,user_6409,Finance,Active,64
6410,user_6410,Operations,Active,23
6411,user_6411,Engineering,Pending,19
6412,user_6412,Engineering,Inactive,44
6413,user_6413,Operations,Active,71
6414,user_6414,Security,Active,84
6415,user_6415,Security,Active,8
6416,user_6416,Security,Pending,99
6417,user_6417,Engineering,Active,96
6418,user_6418,Operations,Pending,85
6419,user_6419,Finance,Pending,7
6420,user_6420,Operations,Pending,89
6421,user_6421,Operations,Active,71
6422,user_6422,Security,Active,46
6423,user_6423,Security,Pending,12
6424,user_6424,Security,Inactive,3
6425,user_6425,Engineering,Inactive,87
6426,user_6426,Finance,Pending,84
6427,user_6427,Operations,Inactive,61
6428,user_6428,Security,Inactive,10
6429,user_6429,Engineering,Pending,44
6430,user_6430,Engineering,Inactive,67
6431,user_6431,Security,Pending,83
6432,user_6432,Finance,Active,54
6433,user_6433,Operations,Pending,14
6434,user_6434,Finance,Inactive,71
6435,user_6435,Operations,Inactive,94
6436,user_6436,Operations,Pending,18
6437,user_6437,Finance,Pending,36
6438,user_6438,Security,Active,95
6439,user_6439,Finance,Active,50
6440,user_6440,Finance,Inactive,90
6441,user_6441,Finance,Inactive,93
6442,user_6442,Finance,Inactive,32
6443,user_6443,Finance,Active,19
6444,user_6444,Operations,Pending,89
6445,user_6445,Finance,Pending,62
6446,user_6446,Operations,Active,9
6447,user_6447,Engineering,Active,65
6448,user_6448,Engineering,Pending,23
6449,user_6449,Operations,Inactive,46
6450,user_6450,Finance,Inactive,96
6451,user_6451,Finance,Inactive,30
6452,user_6452,Security,Inactive,11
6453,user_6453,Operations,Inactive,11
6454,user_6454,Operations,Active,18
6455,user_6455,Finance,Inactive,58
6456,user_6456,Engineering,Active,50
6457,user_6457,Finance,Pending,63
6458,user_6458,Operations,Pending,36
6459,user_6459,Finance,Inactive,43
6460,user_6460,Security,Inactive,48
6461,user_6461,Operations,Active,13
6462,user_6462,Engineering,Active,81
6463,user_6463,Security,Active,19
6464,user_6464,Finance,Active,82
6465,user_6465,Finance,Active,36
6466,user_6466,Engineering,Active,29
6467,user_6467,Security,Active,26
6468,user_6468,Operations,Active,11
6469,user_6469,Operations,Active,89
6470,user_6470,Engineering,Pending,61
6471,user_6471,Finance,Active,59
6472,user_6472,Operations,Active,97
6473,user_6473,Finance,Active,83
6474,user_6474,Finance,Pending,12
6475,user_6475,Security,Pending,59
6476,user_6476,Engineering,Active,48
6477,user_6477,Operations,Pending,39
6478,user_6478,Finance,Pending,11
6479,user_6479,Engineering,Active,5
6480,user_6480,Finance,Pending,47
6481,user_6481,Finance,Pending,4
6482,user_6482,Operations,Active,2
6483,user_6483,Operations,Pending,65
6484,user_6484,Finance,Pending,16
6485,user_6485,Finance,Active,34
6486,user_6486,Operations,Active,83
6487,user_6487,Operations,Inactive,54
6488,user_6488,Operations,Active,9
6489,user_6489,Finance,Pending,2
6490,user_6490,Engineering,Inactive,45
6491,user_6491,Engineering,Active,65
6492,user_6492,Finance,Pending,49
6493,user_6493,Operations,Pending,55
6494,user_6494,Operations,Active,78
6495,user_6495,Security,Active,70
6496,user_6496,Security,Pending,51
6497,user_6497,Finance,Active,93
6498,user_6498,Security,Active,48
6499,user_6499,Security,Inactive,95
6500,user_6500,Security,Pending,0
6501,user_6501,Security,Inactive,6
6502,user_6502,Finance,Active,8
6503,user_6503,Security,Inactive,56
6504,user_6504,Finance,Pending,9
6505,user_6505,Engineering,Pending,43
6506,user_6506,Operations,Pending,23
6507,user_6507,Security,Inactive,74
6508,user_6508,Finance,Pending,44
6509,user_6509,Engineering,Active,6
6510,user_6510,Engineering,Pending,74
6511,user_6511,Finance,Pending,54
6512,user_6512,Operations,Pending,22
6513,user_6513,Finance,Inactive,58
6514,user_6514,Operations,Inactive,98
6515,user_6515,Operations,Active,11
6516,user_6516,Operations,Inactive,55
6517,user_6517,Operations,Active,42
6518,user_6518,Engineering,Active,12
6519,user_6519,Engineering,Active,1
6520,user_6520,Engineering,Active,98
6521,user_6521,Engineering,Inactive,54
6522,user_6522,Operations,Active,43
6523,user_6523,Finance,Active,71
6524,user_6524,Operations,Inactive,48
6525,user_6525,Operations,Pending,19
6526,user_6526,Finance,Active,11
6527,user_6527,Finance,Active,86
6528,user_6528,Operations,Inactive,27
6529,user_6529,Engineering,Pending,99
6530,user_6530,Engineering,Inactive,31
6531,user_6531,Security,Active,75
6532,user_6532,Finance,Pending,84
6533,user_6533,Security,Active,85
6534,user_6534,Security,Inactive,58
6535,user_6535,Finance,Inactive,15
6536,user_6536,Security,Inactive,73
6537,user_6537,Security,Pending,70
6538,user_6538,Engineering,Active,26
6539,user_6539,Engineering,Inactive,44
6540,user_6540,Engineering,Pending,10
6541,user_6541,Operations,Active,88
6542,user_6542,Engineering,Inactive,70
6543,user_6543,Operations,Pending,62
6544,user_6544,Security,Pending,97
6545,user_6545,Security,Inactive,80
6546,user_6546,Finance,Pending,47
6547,user_6547,Engineering,Active,89
6548,user_6548,Engineering,Active,4
6549,user_6549,Security,Inactive,83
6550,user_6550,Engineering,Active,77
6551,user_6551,Operations,Pending,97
6552,user_6552,Finance,Pending,93
6553,user_6553,Security,Inactive,61
6554,user_6554,Security,Pending,51
6555,user_6555,Security,Inactive,58
6556,user_6556,Security,Active,94
6557,user_6557,Security,Inactive,16
6558,user_6558,Operations,Pending,75
6559,user_6559,Finance,Pending,2
6560,user_6560,Operations,Pending,0
6561,user_6561,Security,Inactive,61
6562,user_6562,Finance,Active,22
6563,user_6563,Security,Pending,27
6564,user_6564,Security,Pending,7
6565,user_6565,Operations,Active,33
6566,user_6566,Security,Active,63
6567,user_6567,Security,Inactive,32
6568,user_6568,Finance,Active,77
6569,user_6569,Operations,Pending,53
6570,user_6570,Operations,Active,37
6571,user_6571,Engineering,Pending,22
6572,user_6572,Operations,Pending,85
6573,user_6573,Finance,Pending,13
6574,user_6574,Operations,Active,74
6575,user_6575,Operations,Active,2
6576,user_6576,Security,Pending,63
6577,user_6577,Security,Pending,58
6578,user_6578,Security,Inactive,67
6579,user_6579,Operations,Active,64
6580,user_6580,Engineering,Active,68
6581,user_6581,Operations,Active,29
6582,user_6582,Operations,Pending,79
6583,user_6583,Engineering,Inactive,12
6584,user_6584,Operations,Pending,63
6585,user_6585,Finance,Active,69
6586,user_6586,Finance,Active,76
6587,user_6587,Engineering,Inactive,32
6588,user_6588,Finance,Inactive,56
6589,user_6589,Finance,Inactive,20
6590,user_6590,Finance,Active,7
6591,user_6591,Engineering,Active,94
6592,user_6592,Finance,Inactive,67
6593,user_6593,Engineering,Pending,6
6594,user_6594,Security,Pending,96
6595,user_6595,Finance,Active,23
6596,user_6596,Engineering,Active,51
6597,user_6597,Security,Inactive,10
6598,user_6598,Operations,Pending,44
6599,user_6599,Operations,Inactive,94
6600,user_6600,Engineering,Inactive,99
6601,user_6601,Finance,Inactive,14
6602,user_6602,Finance,Pending,70
6603,user_6603,Engineering,Active,84
6604,user_6604,Engineering,Inactive,77
6605,user_6605,Operations,Inactive,24
6606,user_6606,Security,Active,51
6607,user_6607,Operations,Inactive,9
6608,user_6608,Security,Inactive,55
6609,user_6609,Security,Active,54
6610,user_6610,Security,Pending,80
6611,user_6611,Operations,Pending,17
6612,user_6612,Engineering,Inactive,52
6613,user_6613,Operations,Active,100
6614,user_6614,Finance,Pending,67
6615,user_6615,Engineering,Pending,21
6616,user_6616,Finance,Active,16
6617,user_6617,Finance,Inactive,90
6618,user_6618,Engineering,Pending,100
6619,user_6619,Operations,Pending,25
6620,user_6620,Finance,Active,77
6621,user_6621,Finance,Inactive,15
6622,user_6622,Operations,Inactive,31
6623,user_6623,Operations,Active,12
6624,user_6624,Operations,Inactive,33
6625,user_6625,Finance,Inactive,34
6626,user_6626,Operations,Active,22
6627,user_6627,Operations,Active,55
6628,user_6628,Security,Active,42
6629,user_6629,Security,Pending,44
6630,user_6630,Operations,Active,78
6631,user_6631,Finance,Active,87
6632,user_6632,Finance,Inactive,90
6633,user_6633,Finance,Inactive,29
6634,user_6634,Operations,Active,76
6635,user_6635,Operations,Inactive,66
6636,user_6636,Engineering,Pending,3
6637,user_6637,Security,Active,44
6638,user_6638,Finance,Inactive,56
6639,user_6639,Security,Active,54
6640,user_6640,Finance,Active,36
6641,user_6641,Security,Active,44
6642,user_6642,Operations,Active,22
6643,user_6643,Engineering,Active,73
6644,user_6644,Operations,Active,53
6645,user_6645,Engineering,Active,66
6646,user_6646,Finance,Inactive,43
6647,user_6647,Finance,Active,73
6648,user_6648,Security,Inactive,84
6649,user_6649,Engineering,Inactive,30
6650,user_6650,Finance,Inactive,22
6651,user_6651,Operations,Active,60
6652,user_6652,Finance,Active,26
6653,user_6653,Operations,Inactive,80
6654,user_6654,Engineering,Pending,28
6655,user_6655,Security,Inactive,40
6656,user_6656,Operations,Pending,73
6657,user_6657,Operations,Pending,16
6658,user_6658,Operations,Active,70
6659,user_6659,Security,Pending,94
6660,user_6660,Engineering,Inactive,33
6661,user_6661,Finance,Inactive,91
6662,user_6662,Security,Inactive,31
6663,user_6663,Operations,Inactive,86
6664,user_6664,Operations,Inactive,48
6665,user_6665,Operations,Inactive,45
6666,user_6666,Engineering,Inactive,99
6667,user_6667,Engineering,Pending,91
6668,user_6668,Engineering,Inactive,59
6669,user_6669,Engineering,Active,76
6670,user_6670,Security,Inactive,25
6671,user_6671,Operations,Active,37
6672,user_6672,Engineering,Pending,98
6673,user_6673,Security,Pending,62
6674,user_6674,Engineering,Inactive,54
6675,user_6675,Security,Active,51
6676,user_6676,Security,Inactive,67
6677,user_6677,Operations,Pending,4
6678,user_6678,Finance,Inactive,47
6679,user_6679,Operations,Pending,1
6680,user_6680,Security,Active,46
6681,user_6681,Operations,Active,100
6682,user_6682,Finance,Pending,38
6683,user_6683,Finance,Active,19
6684,user_6684,Finance,Active,37
6685,user_6685,Finance,Pending,27
6686,user_6686,Engineering,Pending,61
6687,user_6687,Operations,Active,90
6688,user_6688,Finance,Pending,26
6689,user_6689,Engineering,Active,38
6690,user_6690,Operations,Pending,0
6691,user_6691,Security,Active,20
6692,user_6692,Operations,Active,17
6693,user_6693,Engineering,Inactive,44
6694,user_6694,Operations,Active,27
6695,user_6695,Operations,Inactive,73
6696,user_6696,Security,Inactive,34
6697,user_6697,Operations,Inactive,42
6698,user_6698,Security,Inactive,46
6699,user_6699,Security,Inactive,2
6700,user_6700,Security,Inactive,57
6701,user_6701,Security,Active,54
6702,user_6702,Engineering,Pending,31
6703,user_6703,Finance,Inactive,26
6704,user_6704,Finance,Pending,82
6705,user_6705,Engineering,Active,10
6706,user_6706,Engineering,Inactive,63
6707,user_6707,Operations,Inactive,9
6708,user_6708,Engineering,Pending,75
6709,user_6709,Operations,Inactive,100
6710,user_6710,Operations,Active,37
6711,user_6711,Security,Active,49
6712,user_6712,Finance,Pending,44
6713,user_6713,Finance,Pending,58
6714,user_6714,Operations,Pending,95
6715,user_6715,Operations,Pending,24
6716,user_6716,Operations,Pending,17
6717,user_6717,Operations,Inactive,89
6718,user_6718,Security,Inactive,19
6719,user_6719,Finance,Pending,25
6720,user_6720,Engineering,Active,46
6721,user_6721,Finance,Pending,31
6722,user_6722,Operations,Pending,72
6723,user_6723,Security,Pending,41
6724,user_6724,Engineering,Inactive,71
6725,user_6725,Finance,Active,3
6726,user_6726,Engineering,Inactive,11
6727,user_6727,Finance,Active,65
6728,user_6728,Security,Inactive,15
6729,user_6729,Engineering,Inactive,2
6730,user_6730,Operations,Active,81
6731,user_6731,Operations,Active,55
6732,user_6732,Security,Pending,21
6733,user_6733,Finance,Pending,91
6734,user_6734,Engineering,Active,9
6735,user_6735,Security,Inactive,30
6736,user_6736,Security,Active,52
6737,user_6737,Security,Inactive,88
6738,user_6738,Engineering,Inactive,40
6739,user_6739,Operations,Inactive,3
6740,user_6740,Finance,Active,43
6741,user_6741,Finance,Inactive,74
6742,user_6742,Engineering,Pending,71
6743,user_6743,Operations,Pending,72
6744,user_6744,Security,Inactive,33
6745,user_6745,Operations,Inactive,57
6746,user_6746,Engineering,Inactive,87
6747,user_6747,Engineering,Inactive,24
6748,user_6748,Engineering,Active,27
6749,user_6749,Security,Inactive,90
6750,user_6750,Security,Pending,89
6751,user_6751,Operations,Pending,17
6752,user_6752,Operations,Active,12
6753,user_6753,Security,Inactive,75
6754,user_6754,Operations,Active,16
6755,user_6755,Operations,Inactive,83
6756,user_6756,Security,Inactive,33
6757,user_6757,Security,Pending,81
6758,user_6758,Operations,Active,29
6759,user_6759,Finance,Inactive,40
6760,user_6760,Finance,Inactive,19
6761,user_6761,Finance,Inactive,48
6762,user_6762,Operations,Inactive,75
6763,user_6763,Operations,Inactive,98
6764,user_6764,Finance,Inactive,4
6765,user_6765,Engineering,Inactive,50
6766,user_6766,Operations,Pending,81
6767,user_6767,Operations,Active,86
6768,user_6768,Engineering,Inactive,0
6769,user_6769,Finance,Pending,86
6770,user_6770,Security,Inactive,28
6771,user_6771,Security,Active,49
6772,user_6772,Operations,Active,86
6773,user_6773,Finance,Active,82
6774,user_6774,Security,Pending,62
6775,user_6775,Engineering,Active,72
6776,user_6776,Finance,Pending,91
6777,user_6777,Operations,Inactive,19
6778,user_6778,Security,Inactive,19
6779,user_6779,Operations,Pending,54
6780,user_6780,Engineering,Active,66
6781,user_6781,Operations,Active,48
6782,user_6782,Operations,Pending,75
6783,user_6783,Engineering,Active,88
6784,user_6784,Security,Inactive,34
6785,user_6785,Finance,Pending,95
6786,user_6786,Engineering,Inactive,94
6787,user_6787,Engineering,Pending,63
6788,user_6788,Operations,Inactive,96
6789,user_6789,Engineering,Inactive,35
6790,user_6790,Finance,Active,94
6791,user_6791,Operations,Pending,32
6792,user_6792,Operations,Active,92
6793,user_6793,Finance,Inactive,53
6794,user_6794,Finance,Pending,33
6795,user_6795,Engineering,Inactive,73
6796,user_6796,Operations,Active,87
6797,user_6797,Security,Inactive,10
6798,user_6798,Finance,Inactive,67
6799,user_6799,Engineering,Inactive,85
6800,user_6800,Finance,Inactive,77
6801,user_6801,Operations,Active,97
6802,user_6802,Security,Inactive,3
6803,user_6803,Security,Active,41
6804,user_6804,Operations,Active,29
6805,user_6805,Operations,Active,43
6806,user_6806,Operations,Pending,100
6807,user_6807,Finance,Inactive,65
6808,user_6808,Finance,Active,32
6809,user_6809,Security,Inactive,46
6810,user_6810,Operations,Inactive,76
6811,user_6811,Operations,Inactive,76
6812,user_6812,Security,Pending,97
6813,user_6813,Operations,Active,2
6814,user_6814,Security,Active,58
6815,user_6815,Engineering,Inactive,1
6816,user_6816,Security,Pending,93
6817,user_6817,Operations,Pending,44
6818,user_6818,Engineering,Active,26
6819,user_6819,Operations,Pending,2
6820,user_6820,Engineering,Inactive,80
6821,user_6821,Finance,Pending,75
6822,user_6822,Engineering,Pending,89
6823,user_6823,Engineering,Active,47
6824,user_6824,Finance,Active,59
6825,user_6825,Operations,Inactive,52
6826,user_6826,Operations,Active,51
6827,user_6827,Finance,Inactive,94
6828,user_6828,Engineering,Inactive,70
6829,user_6829,Engineering,Inactive,29
6830,user_6830,Engineering,Inactive,37
6831,user_6831,Security,Inactive,80
6832,user_6832,Security,Active,49
6833,user_6833,Engineering,Pending,11
6834,user_6834,Finance,Inactive,57
6835,user_6835,Engineering,Pending,89
6836,user_6836,Finance,Active,74
6837,user_6837,Security,Pending,65
6838,user_6838,Operations,Active,99
6839,user_6839,Security,Inactive,17
6840,user_6840,Operations,Active,48
6841,user_6841,Engineering,Inactive,85
6842,user_6842,Security,Pending,92
6843,user_6843,Operations,Inactive,65
6844,user_6844,Operations,Active,31
6845,user_6845,Finance,Inactive,22
6846,user_6846,Engineering,Pending,13
6847,user_6847,Operations,Pending,59
6848,user_6848,Security,Inactive,7
6849,user_6849,Operations,Active,65
6850,user_6850,Operations,Pending,56
6851,user_6851,Security,Active,48
6852,user_6852,Finance,Active,6
6853,user_6853,Engineering,Inactive,87
6854,user_6854,Engineering,Active,30
6855,user_6855,Security,Active,28
6856,user_6856,Operations,Inactive,95
6857,user_6857,Finance,Inactive,49
6858,user_6858,Operations,Pending,10
6859,user_6859,Engineering,Pending,77
6860,user_6860,Security,Inactive,4
6861,user_6861,Finance,Pending,46
6862,user_6862,Finance,Inactive,83
6863,user_6863,Finance,Active,95
6864,user_6864,Engineering,Active,73
6865,user_6865,Engineering,Pending,4
6866,user_6866,Security,Active,23
6867,user_6867,Engineering,Active,54
6868,user_6868,Engineering,Inactive,75
6869,user_6869,Operations,Inactive,86
6870,user_6870,Finance,Pending,15
6871,user_6871,Operations,Inactive,56
6872,user_6872,Operations,Pending,29
6873,user_6873,Engineering,Active,68
6874,user_6874,Security,Active,64
6875,user_6875,Engineering,Pending,11
6876,user_6876,Finance,Inactive,67
6877,user_6877,Engineering,Active,48
6878,user_6878,Engineering,Active,2
6879,user_6879,Finance,Inactive,3
6880,user_6880,Engineering,Pending,55
6881,user_6881,Security,Active,11
6882,user_6882,Finance,Inactive,18
6883,user_6883,Engineering,Active,44
6884,user_6884,Operations,Inactive,23
6885,user_6885,Finance,Pending,8
6886,user_6886,Operations,Pending,75
6887,user_6887,Engineering,Inactive,1
6888,user_6888,Engineering,Inactive,54
6889,user_6889,Security,Pending,59
6890,user_6890,Security,Active,14
6891,user_6891,Security,Pending,89
6892,user_6892,Security,Pending,71
6893,user_6893,Operations,Active,6
6894,user_6894,Security,Pending,49
6895,user_6895,Operations,Inactive,26
6896,user_6896,Operations,Inactive,27
6897,user_6897,Security,Active,56
6898,user_6898,Operations,Active,7
6899,user_6899,Security,Inactive,73
6900,user_6900,Security,Active,8
6901,user_6901,Engineering,Active,8
6902,user_6902,Operations,Active,20
6903,user_6903,Security,Active,81
6904,user_6904,Finance,Pending,47
6905,user_6905,Finance,Active,56
6906,user_6906,Engineering,Active,39
6907,user_6907,Security,Pending,69
6908,user_6908,Operations,Inactive,86
6909,user_6909,Security,Active,23
6910,user_6910,Operations,Inactive,80
6911,user_6911,Finance,Active,69
6912,user_6912,Engineering,Active,33
6913,user_6913,Security,Inactive,94
6914,user_6914,Finance,Active,71
6915,user_6915,Finance,Active,18
6916,user_6916,Operations,Inactive,30
6917,user_6917,Operations,Inactive,61
6918,user_6918,Engineering,Inactive,100
6919,user_6919,Operations,Pending,77
6920,user_6920,Engineering,Inactive,37
6921,user_6921,Engineering,Pending,44
6922,user_6922,Engineering,Inactive,53
6923,user_6923,Engineering,Active,51
6924,user_6924,Security,Inactive,39
6925,user_6925,Finance,Inactive,71
6926,user_6926,Security,Pending,79
6927,user_6927,Security,Inactive,7
6928,user_6928,Finance,Active,71
6929,user_6929,Engineering,Active,2
6930,user_6930,Security,Inactive,19
6931,user_6931,Engineering,Pending,0
6932,user_6932,Operations,Inactive,58
6933,user_6933,Security,Inactive,15
6934,user_6934,Engineering,Pending,99
6935,user_6935,Operations,Active,46
6936,user_6936,Finance,Inactive,58
6937,user_6937,Operations,Active,61
6938,user_6938,Security,Inactive,39
6939,user_6939,Operations,Active,75
6940,user_6940,Operations,Active,26
6941,user_6941,Operations,Inactive,53
6942,user_6942,Finance,Pending,32
6943,user_6943,Finance,Pending,0
6944,user_6944,Security,Active,64
6945,user_6945,Operations,Active,4
6946,user_6946,Security,Inactive,16
6947,user_6947,Engineering,Inactive,77
6948,user_6948,Engineering,Active,44
6949,user_6949,Finance,Active,54
6950,user_6950,Finance,Inactive,18
6951,user_6951,Operations,Pending,65
6952,user_6952,Security,Active,4
6953,user_6953,Engineering,Active,42
6954,user_6954,Engineering,Pending,3
6955,user_6955,Security,Inactive,96
6956,user_6956,Operations,Active,9
6957,user_6957,Finance,Active,81
6958,user_6958,Operations,Pending,69
6959,user_6959,Operations,Inactive,17
6960,user_6960,Engineering,Inactive,60
6961,user_6961,Operations,Pending,47
6962,user_6962,Security,Active,30
6963,user_6963,Security,Inactive,86
6964,user_6964,Finance,Inactive,28
6965,user_6965,Operations,Inactive,68
6966,user_6966,Finance,Active,42
6967,user_6967,Engineering,Pending,96
6968,user_6968,Security,Inactive,77
6969,user_6969,Security,Pending,93
6970,user_6970,Finance,Pending,12
6971,user_6971,Security,Pending,93
6972,user_6972,Engineering,Inactive,73
6973,user_6973,Engineering,Active,16
6974,user_6974,Finance,Pending,74
6975,user_6975,Operations,Inactive,55
6976,user_6976,Engineering,Pending,69
6977,user_6977,Engineering,Pending,54
6978,user_6978,Operations,Pending,1
6979,user_6979,Finance,Pending,18
6980,user_6980,Finance,Inactive,68
6981,user_6981,Finance,Pending,42
6982,user_6982,Security,Active,39
6983,user_6983,Finance,Active,30
6984,user_6984,Finance,Active,80
6985,user_6985,Engineering,Inactive,17
6986,user_6986,Engineering,Active,100
6987,user_6987,Operations,Pending,97
6988,user_6988,Security,Active,76
6989,user_6989,Operations,Pending,34
6990,user_6990,Operations,Active,11
6991,user_6991,Engineering,Pending,49
6992,user_6992,Engineering,Active,68
6993,user_6993,Security,Inactive,62
6994,user_6994,Finance,Inactive,63
6995,user_6995,Security,Active,29
6996,user_6996,Security,Inactive,57
6997,user_6997,Finance,Pending,38
6998,user_6998,Security,Pending,73
6999,user_6999,Finance,Active,91
7000,user_7000,Engineering,Active,87
7001,user_7001,Operations,Pending,82
7002,user_7002,Finance,Active,70
7003,user_7003,Operations,Active,100
7004,user_7004,Operations,Inactive,1
7005,user_7005,Operations,Active,94
7006,user_7006,Engineering,Pending,36
7007,user_7007,Engineering,Pending,71
7008,user_7008,Engineering,Active,57
7009,user_7009,Engineering,Active,64
7010,user_7010,Security,Active,63
7011,user_7011,Operations,Pending,49
7012,user_7012,Security,Active,31
7013,user_7013,Operations,Pending,4
7014,user_7014,Security,Active,88
7015,user_7015,Engineering,Inactive,3
7016,user_7016,Security,Inactive,49
7017,user_7017,Security,Pending,72
7018,user_7018,Security,Pending,91
7019,user_7019,Operations,Active,92
7020,user_7020,Finance,Inactive,9
7021,user_7021,Finance,Pending,28
7022,user_7022,Security,Inactive,57
7023,user_7023,Engineering,Inactive,20
7024,user_7024,Operations,Pending,47
7025,user_7025,Finance,Inactive,16
7026,user_7026,Engineering,Pending,40
7027,user_7027,Engineering,Pending,46
7028,user_7028,Operations,Active,15
7029,user_7029,Security,Active,45
7030,user_7030,Engineering,Pending,35
7031,user_7031,Engineering,Active,68
7032,user_7032,Operations,Active,65
7033,user_7033,Engineering,Pending,49
7034,user_7034,Engineering,Inactive,1
7035,user_7035,Security,Active,25
7036,user_7036,Operations,Inactive,78
7037,user_7037,Finance,Active,65
7038,user_7038,Operations,Pending,40
7039,user_7039,Operations,Pending,39
7040,user_7040,Operations,Inactive,44
7041,user_7041,Finance,Inactive,46
7042,user_7042,Operations,Inactive,66
7043,user_7043,Operations,Inactive,2
7044,user_7044,Security,Inactive,16
7045,user_7045,Operations,Inactive,79
7046,user_7046,Operations,Active,20
7047,user_7047,Engineering,Inactive,20
7048,user_7048,Security,Active,51
7049,user_7049,Security,Pending,31
7050,user_7050,Operations,Inactive,32
7051,user_7051,Operations,Active,39
7052,user_7052,Operations,Active,79
7053,user_7053,Operations,Inactive,23
7054,user_7054,Finance,Active,35
7055,user_7055,Operations,Active,17
7056,user_7056,Operations,Inactive,9
7057,user_7057,Engineering,Inactive,50
7058,user_7058,Operations,Pending,17
7059,user_7059,Security,Inactive,53
7060,user_7060,Security,Active,15
7061,user_7061,Finance,Active,53
7062,user_7062,Security,Inactive,88
7063,user_7063,Engineering,Pending,9
7064,user_7064,Finance,Active,20
7065,user_7065,Engineering,Pending,7
7066,user_7066,Finance,Pending,69
7067,user_7067,Engineering,Inactive,22
7068,user_7068,Engineering,Inactive,32
7069,user_7069,Security,Active,45
7070,user_7070,Operations,Pending,60
7071,user_7071,Operations,Active,42
7072,user_7072,Security,Pending,51
7073,user_7073,Operations,Pending,78
7074,user_7074,Engineering,Pending,68
7075,user_7075,Security,Pending,27
7076,user_7076,Engineering,Pending,54
7077,user_7077,Engineering,Inactive,67
7078,user_7078,Finance,Inactive,31
7079,user_7079,Finance,Active,67
7080,user_7080,Security,Pending,36
7081,user_7081,Security,Active,99
7082,user_7082,Engineering,Inactive,49
7083,user_7083,Security,Active,29
7084,user_7084,Security,Pending,84
7085,user_7085,Finance,Pending,62
7086,user_7086,Finance,Pending,53
7087,user_7087,Operations,Active,74
7088,user_7088,Operations,Inactive,97
7089,user_7089,Finance,Inactive,100
7090,user_7090,Operations,Pending,53
7091,user_7091,Finance,Pending,12
7092,user_7092,Finance,Inactive,14
7093,user_7093,Finance,Active,62
7094,user_7094,Operations,Pending,73
7095,user_7095,Engineering,Pending,17
7096,user_7096,Security,Active,100
7097,user_7097,Operations,Inactive,23
7098,user_7098,Engineering,Pending,72
7099,user_7099,Security,Active,94
7100,user_7100,Security,Pending,42
7101,user_7101,Engineering,Inactive,64
7102,user_7102,Security,Pending,95
7103,user_7103,Security,Pending,21
7104,user_7104,Finance,Active,50
7105,user_7105,Operations,Active,92
7106,user_7106,Engineering,Inactive,50
7107,user_7107,Security,Inactive,89
7108,user_7108,Finance,Pending,37
7109,user_7109,Security,Active,86
7110,user_7110,Security,Pending,81
7111,user_7111,Engineering,Pending,70
7112,user_7112,Security,Pending,26
7113,user_7113,Operations,Pending,72
7114,user_7114,Operations,Inactive,66
7115,user_7115,Finance,Inactive,37
7116,user_7116,Finance,Pending,94
7117,user_7117,Security,Inactive,98
7118,user_7118,Security,Pending,98
7119,user_7119,Operations,Inactive,3
7120,user_7120,Engineering,Pending,9
7121,user_7121,Security,Inactive,63
7122,user_7122,Operations,Pending,67
7123,user_7123,Operations,Active,76
7124,user_7124,Finance,Pending,44
7125,user_7125,Operations,Pending,66
7126,user_7126,Engineering,Active,98
7127,user_7127,Operations,Pending,55
7128,user_7128,Operations,Pending,4
7129,user_7129,Security,Active,13
7130,user_7130,Operations,Inactive,60
7131,user_7131,Security,Pending,20
7132,user_7132,Operations,Inactive,65
7133,user_7133,Finance,Pending,62
7134,user_7134,Engineering,Pending,31
7135,user_7135,Security,Pending,19
7136,user_7136,Engineering,Inactive,83
7137,user_7137,Finance,Active,14
7138,user_7138,Security,Active,46
7139,user_7139,Operations,Pending,48
7140,user_7140,Operations,Inactive,42
7141,user_7141,Operations,Pending,23
7142,user_7142,Operations,Inactive,8
7143,user_7143,Engineering,Active,100
7144,user_7144,Engineering,Inactive,16
7145,user_7145,Operations,Pending,9
7146,user_7146,Finance,Pending,45
7147,user_7147,Finance,Inactive,8
7148,user_7148,Security,Pending,64
7149,user_7149,Finance,Pending,56
7150,user_7150,Operations,Inactive,29
7151,user_7151,Engineering,Inactive,11
7152,user_7152,Operations,Inactive,74
7153,user_7153,Security,Pending,42
7154,user_7154,Engineering,Pending,35
7155,user_7155,Engineering,Inactive,44
7156,user_7156,Finance,Active,28
7157,user_7157,Security,Active,77
7158,user_7158,Operations,Active,49
7159,user_7159,Operations,Inactive,42
7160,user_7160,Finance,Inactive,23
7161,user_7161,Finance,Active,40
7162,user_7162,Engineering,Active,39
7163,user_7163,Finance,Pending,9
7164,user_7164,Engineering,Inactive,6
7165,user_7165,Security,Inactive,3
7166,user_7166,Operations,Active,100
7167,user_7167,Security,Active,2
7168,user_7168,Operations,Active,0
7169,user_7169,Operations,Inactive,56
7170,user_7170,Finance,Inactive,96
7171,user_7171,Security,Pending,84
7172,user_7172,Security,Pending,28
7173,user_7173,Engineering,Active,85
7174,user_7174,Security,Inactive,13
7175,user_7175,Security,Inactive,70
7176,user_7176,Finance,Inactive,23
7177,user_7177,Security,Active,57
7178,user_7178,Finance,Inactive,23
7179,user_7179,Security,Inactive,68
7180,user_7180,Security,Active,60
7181,user_7181,Engineering,Inactive,31
7182,user_7182,Engineering,Pending,21
7183,user_7183,Finance,Pending,72
7184,user_7184,Operations,Active,69
7185,user_7185,Finance,Pending,54
7186,user_7186,Engineering,Active,27
7187,user_7187,Finance,Inactive,67
7188,user_7188,Finance,Active,61
7189,user_7189,Operations,Inactive,62
7190,user_7190,Operations,Inactive,56
7191,user_7191,Operations,Active,45
7192,user_7192,Operations,Active,80
7193,user_7193,Engineering,Active,52
7194,user_7194,Operations,Pending,26
7195,user_7195,Operations,Pending,23
7196,user_7196,Security,Active,44
7197,user_7197,Operations,Pending,87
7198,user_7198,Finance,Inactive,53
7199,user_7199,Security,Pending,81
7200,user_7200,Engineering,Active,2
7201,user_7201,Engineering,Inactive,15
7202,user_7202,Engineering,Inactive,51
7203,user_7203,Engineering,Pending,74
7204,user_7204,Security,Inactive,52
7205,user_7205,Engineering,Pending,49
7206,user_7206,Operations,Pending,87
7207,user_7207,Operations,Pending,69
7208,user_7208,Security,Inactive,6
7209,user_7209,Operations,Active,11
7210,user_7210,Finance,Pending,6
7211,user_7211,Finance,Pending,73
7212,user_7212,Engineering,Pending,57
7213,user_7213,Operations,Active,34
7214,user_7214,Finance,Inactive,12
7215,user_7215,Engineering,Pending,37
7216,user_7216,Finance,Active,2
7217,user_7217,Engineering,Pending,17
7218,user_7218,Operations,Inactive,98
7219,user_7219,Security,Inactive,71
7220,user_7220,Operations,Active,27
7221,user_7221,Security,Pending,57
7222,user_7222,Operations,Inactive,68
7223,user_7223,Security,Active,44
7224,user_7224,Engineering,Inactive,82
7225,user_7225,Finance,Active,29
7226,user_7226,Operations,Active,24
7227,user_7227,Operations,Inactive,73
7228,user_7228,Security,Pending,68
7229,user_7229,Engineering,Pending,82
7230,user_7230,Operations,Active,57
7231,user_7231,Security,Active,21
7232,user_7232,Engineering,Active,34
7233,user_7233,Security,Pending,65
7234,user_7234,Finance,Pending,7
7235,user_7235,Engineering,Inactive,2
7236,user_7236,Operations,Pending,98
7237,user_7237,Security,Active,97
7238,user_7238,Engineering,Active,0
7239,user_7239,Finance,Inactive,79
7240,user_7240,Security,Pending,56
7241,user_7241,Operations,Pending,78
7242,user_7242,Security,Active,1
7243,user_7243,Security,Pending,24
7244,user_7244,Security,Active,51
7245,user_7245,Security,Inactive,89
7246,user_7246,Engineering,Inactive,34
7247,user_7247,Operations,Inactive,76
7248,user_7248,Engineering,Inactive,25
7249,user_7249,Security,Active,4
7250,user_7250,Security,Active,27
7251,user_7251,Finance,Pending,75
7252,user_7252,Security,Active,51
7253,user_7253,Finance,Active,9
7254,user_7254,Engineering,Inactive,11
7255,user_7255,Security,Inactive,19
7256,user_7256,Operations,Pending,56
7257,user_7257,Engineering,Inactive,50
7258,user_7258,Finance,Pending,12
7259,user_7259,Security,Active,73
7260,user_7260,Operations,Pending,77
7261,user_7261,Finance,Active,100
7262,user_7262,Operations,Pending,73
7263,user_7263,Security,Active,67
7264,user_7264,Engineering,Pending,72
7265,user_7265,Security,Active,29
7266,user_7266,Finance,Inactive,1
7267,user_7267,Security,Inactive,69
7268,user_7268,Finance,Active,0
7269,user_7269,Finance,Active,76
7270,user_7270,Engineering,Inactive,56
7271,user_7271,Security,Active,37
7272,user_7272,Operations,Inactive,72
7273,user_7273,Operations,Active,12
7274,user_7274,Security,Pending,45
7275,user_7275,Engineering,Pending,65
7276,user_7276,Finance,Pending,40
7277,user_7277,Engineering,Active,70
7278,user_7278,Engineering,Pending,79
7279,user_7279,Security,Active,25
7280,user_7280,Security,Pending,41
7281,user_7281,Engineering,Pending,8
7282,user_7282,Security,Active,57
7283,user_7283,Engineering,Pending,58
7284,user_7284,Finance,Inactive,62
7285,user_7285,Security,Active,61
7286,user_7286,Engineering,Pending,67
7287,user_7287,Security,Inactive,93
7288,user_7288,Finance,Inactive,89
7289,user_7289,Finance,Inactive,23
7290,user_7290,Finance,Pending,88
7291,user_7291,Finance,Inactive,7
7292,user_7292,Engineering,Pending,4
7293,user_7293,Engineering,Pending,65
7294,user_7294,Engineering,Pending,42
7295,user_7295,Security,Pending,52
7296,user_7296,Security,Inactive,60
7297,user_7297,Engineering,Active,80
7298,user_7298,Engineering,Pending,74
7299,user_7299,Finance,Pending,64
7300,user_7300,Security,Active,5
7301,user_7301,Operations,Inactive,99
7302,user_7302,Security,Inactive,39
7303,user_7303,Operations,Active,90
7304,user_7304,Operations,Pending,29
7305,user_7305,Engineering,Inactive,57
7306,user_7306,Security,Active,87
7307,user_7307,Finance,Pending,50
7308,user_7308,Engineering,Active,66
7309,user_7309,Security,Inactive,92
7310,user_7310,Finance,Inactive,27
7311,user_7311,Security,Pending,85
7312,user_7312,Security,Inactive,33
7313,user_7313,Finance,Inactive,84
7314,user_7314,Operations,Active,1
7315,user_7315,Security,Pending,43
7316,user_7316,Security,Pending,53
7317,user_7317,Security,Active,43
7318,user_7318,Operations,Active,70
7319,user_7319,Finance,Active,15
7320,user_7320,Engineering,Pending,83
7321,user_7321,Engineering,Inactive,26
7322,user_7322,Operations,Inactive,53
7323,user_7323,Security,Pending,67
7324,user_7324,Engineering,Active,89
7325,user_7325,Engineering,Pending,65
7326,user_7326,Security,Pending,34
7327,user_7327,Operations,Inactive,4
7328,user_7328,Finance,Pending,18
7329,user_7329,Operations,Pending,55
7330,user_7330,Engineering,Active,52
7331,user_7331,Operations,Active,18
7332,user_7332,Engineering,Pending,6
7333,user_7333,Engineering,Pending,93
7334,user_7334,Operations,Inactive,34
7335,user_7335,Finance,Pending,66
7336,user_7336,Operations,Pending,72
7337,user_7337,Finance,Pending,26
7338,user_7338,Operations,Active,57
7339,user_7339,Finance,Active,22
7340,user_7340,Security,Active,66
7341,user_7341,Operations,Inactive,44
7342,user_7342,Operations,Active,55
7343,user_7343,Finance,Inactive,4
7344,user_7344,Finance,Pending,91
7345,user_7345,Engineering,Pending,25
7346,user_7346,Engineering,Inactive,40
7347,user_7347,Security,Active,58
7348,user_7348,Finance,Inactive,70
7349,user_7349,Operations,Inactive,79
7350,user_7350,Security,Pending,55
7351,user_7351,Finance,Pending,91
7352,user_7352,Security,Pending,26
7353,user_7353,Security,Active,7
7354,user_7354,Operations,Active,44
7355,user_7355,Engineering,Inactive,89
7356,user_7356,Security,Inactive,84
7357,user_7357,Finance,Active,81
7358,user_7358,Operations,Active,35
7359,user_7359,Operations,Inactive,70
7360,user_7360,Finance,Inactive,64
7361,user_7361,Finance,Inactive,50
7362,user_7362,Operations,Inactive,64
7363,user_7363,Security,Active,25
7364,user_7364,Security,Inactive,13
7365,user_7365,Security,Inactive,68
7366,user_7366,Finance,Active,74
7367,user_7367,Security,Pending,71
7368,user_7368,Security,Inactive,97
7369,user_7369,Finance,Active,73
7370,user_7370,Operations,Active,93
7371,user_7371,Finance,Pending,58
7372,user_7372,Finance,Active,33
7373,user_7373,Security,Pending,14
7374,user_7374,Security,Pending,23
7375,user_7375,Operations,Pending,69
7376,user_7376,Engineering,Pending,85
7377,user_7377,Security,Pending,47
7378,user_7378,Operations,Pending,79
7379,user_7379,Operations,Pending,82
7380,user_7380,Engineering,Active,37
7381,user_7381,Engineering,Pending,94
7382,user_7382,Engineering,Active,52
7383,user_7383,Security,Pending,71
7384,user_7384,Engineering,Active,60
7385,user_7385,Engineering,Pending,75
7386,user_7386,Engineering,Inactive,62
7387,user_7387,Operations,Active,32
7388,user_7388,Operations,Pending,26
7389,user_7389,Finance,Active,33
7390,user_7390,Security,Pending,54
7391,user_7391,Finance,Inactive,32
7392,user_7392,Operations,Active,2
7393,user_7393,Operations,Pending,27
7394,user_7394,Operations,Inactive,23
7395,user_7395,Security,Inactive,91
7396,user_7396,Finance,Inactive,57
7397,user_7397,Security,Inactive,27
7398,user_7398,Operations,Pending,74
7399,user_7399,Security,Pending,9
7400,user_7400,Finance,Active,42
7401,user_7401,Operations,Active,95
7402,user_7402,Operations,Pending,80
7403,user_7403,Finance,Active,94
7404,user_7404,Operations,Pending,58
7405,user_7405,Operations,Active,74
7406,user_7406,Finance,Inactive,57
7407,user_7407,Operations,Pending,21
7408,user_7408,Engineering,Inactive,73
7409,user_7409,Security,Active,24
7410,user_7410,Engineering,Inactive,25
7411,user_7411,Security,Active,88
7412,user_7412,Finance,Active,81
7413,user_7413,Security,Pending,72
7414,user_7414,Operations,Inactive,54
7415,user_7415,Security,Active,84
7416,user_7416,Engineering,Active,30
7417,user_7417,Engineering,Active,95
7418,user_7418,Security,Pending,58
7419,user_7419,Security,Pending,23
7420,user_7420,Finance,Pending,69
7421,user_7421,Operations,Active,12
7422,user_7422,Security,Active,1
7423,user_7423,Engineering,Pending,18
7424,user_7424,Operations,Active,69
7425,user_7425,Security,Active,39
7426,user_7426,Finance,Active,18
7427,user_7427,Operations,Pending,2
7428,user_7428,Engineering,Inactive,28
7429,user_7429,Engineering,Pending,68
7430,user_7430,Engineering,Active,67
7431,user_7431,Operations,Inactive,68
7432,user_7432,Finance,Inactive,57
7433,user_7433,Engineering,Active,85
7434,user_7434,Operations,Pending,5
7435,user_7435,Operations,Inactive,73
7436,user_7436,Operations,Pending,96
7437,user_7437,Engineering,Pending,15
7438,user_7438,Security,Inactive,59
7439,user_7439,Operations,Pending,0
7440,user_7440,Finance,Inactive,49
7441,user_7441,Security,Active,84
7442,user_7442,Finance,Pending,96
7443,user_7443,Finance,Pending,58
7444,user_7444,Operations,Active,13
7445,user_7445,Security,Inactive,28
7446,user_7446,Security,Inactive,60
7447,user_7447,Engineering,Inactive,96
7448,user_7448,Operations,Inactive,5
7449,user_7449,Engineering,Active,56
7450,user_7450,Operations,Active,87
7451,user_7451,Finance,Active,52
7452,user_7452,Engineering,Active,10
7453,user_7453,Security,Pending,12
7454,user_7454,Engineering,Active,21
7455,user_7455,Engineering,Inactive,85
7456,user_7456,Engineering,Pending,21
7457,user_7457,Security,Active,87
7458,user_7458,Operations,Active,86
7459,user_7459,Operations,Pending,80
7460,user_7460,Security,Active,33
7461,user_7461,Security,Active,56
7462,user_7462,Finance,Pending,43
7463,user_7463,Operations,Pending,66
7464,user_7464,Finance,Pending,51
7465,user_7465,Engineering,Active,97
7466,user_7466,Engineering,Active,90
7467,user_7467,Security,Inactive,8
7468,user_7468,Engineering,Inactive,19
7469,user_7469,Engineering,Active,25
7470,user_7470,Engineering,Pending,29
7471,user_7471,Operations,Pending,100
7472,user_7472,Engineering,Active,91
7473,user_7473,Operations,Pending,52
7474,user_7474,Engineering,Inactive,44
7475,user_7475,Security,Pending,36
7476,user_7476,Engineering,Active,5
7477,user_7477,Engineering,Pending,3
7478,user_7478,Engineering,Active,64
7479,user_7479,Finance,Inactive,28
7480,user_7480,Security,Pending,41
7481,user_7481,Finance,Inactive,6
7482,user_7482,Finance,Pending,89
7483,user_7483,Security,Inactive,93
7484,user_7484,Security,Pending,100
7485,user_7485,Operations,Active,42
7486,user_7486,Operations,Inactive,50
7487,user_7487,Finance,Pending,79
7488,user_7488,Operations,Active,67
7489,user_7489,Operations,Inactive,93
7490,user_7490,Engineering,Active,61
7491,user_7491,Finance,Inactive,7
7492,user_7492,Operations,Pending,0
7493,user_7493,Operations,Active,73
7494,user_7494,Engineering,Active,61
7495,user_7495,Finance,Active,64
7496,user_7496,Operations,Pending,38
7497,user_7497,Operations,Pending,0
7498,user_7498,Security,Active,98
7499,user_7499,Security,Pending,65
7500,user_7500,Security,Active,66
7501,user_7501,Security,Inactive,93
7502,user_7502,Engineering,Active,60
7503,user_7503,Security,Active,42
7504,user_7504,Security,Active,69
7505,user_7505,Finance,Pending,10
7506,user_7506,Security,Pending,54
7507,user_7507,Finance,Pending,12
7508,user_7508,Finance,Active,46
7509,user_7509,Finance,Pending,82
7510,user_7510,Finance,Inactive,13
7511,user_7511,Engineering,Active,92
7512,user_7512,Security,Active,29
7513,user_7513,Finance,Inactive,94
7514,user_7514,Security,Inactive,57
7515,user_7515,Operations,Inactive,48
7516,user_7516,Finance,Inactive,51
7517,user_7517,Engineering,Active,13
7518,user_7518,Engineering,Inactive,45
7519,user_7519,Engineering,Inactive,34
7520,user_7520,Engineering,Active,69
7521,user_7521,Engineering,Inactive,65
7522,user_7522,Security,Active,57
7523,user_7523,Finance,Inactive,55
7524,user_7524,Engineering,Active,4
7525,user_7525,Operations,Active,4
7526,user_7526,Operations,Pending,9
7527,user_7527,Security,Inactive,19
7528,user_7528,Operations,Pending,39
7529,user_7529,Engineering,Pending,65
7530,user_7530,Finance,Pending,73
7531,user_7531,Security,Pending,45
7532,user_7532,Finance,Pending,42
7533,user_7533,Finance,Pending,39
7534,user_7534,Security,Pending,58
7535,user_7535,Operations,Pending,85
7536,user_7536,Operations,Inactive,85
7537,user_7537,Security,Active,1
7538,user_7538,Operations,Active,28
7539,user_7539,Operations,Inactive,43
7540,user_7540,Engineering,Active,48
7541,user_7541,Engineering,Pending,65
7542,user_7542,Security,Active,82
7543,user_7543,Engineering,Pending,38
7544,user_7544,Finance,Pending,48
7545,user_7545,Security,Active,49
7546,user_7546,Finance,Pending,82
7547,user_7547,Operations,Inactive,67
7548,user_7548,Security,Pending,41
7549,user_7549,Finance,Pending,74
7550,user_7550,Security,Pending,61
7551,user_7551,Engineering,Inactive,13
7552,user_7552,Security,Pending,87
7553,user_7553,Security,Inactive,69
7554,user_7554,Security,Active,53
7555,user_7555,Engineering,Active,23
7556,user_7556,Operations,Pending,74
7557,user_7557,Finance,Active,16
7558,user_7558,Security,Pending,6
7559,user_7559,Security,Active,17
7560,user_7560,Finance,Inactive,71
7561,user_7561,Operations,Active,24
7562,user_7562,Finance,Pending,20
7563,user_7563,Operations,Active,33
7564,user_7564,Security,Active,10
7565,user_7565,Finance,Active,13
7566,user_7566,Engineering,Pending,68
7567,user_7567,Engineering,Inactive,93
7568,user_7568,Operations,Pending,39
7569,user_7569,Engineering,Inactive,89
7570,user_7570,Engineering,Inactive,18
7571,user_7571,Operations,Inactive,79
7572,user_7572,Finance,Pending,52
7573,user_7573,Security,Inactive,48
7574,user_7574,Security,Inactive,56
7575,user_7575,Finance,Pending,69
7576,user_7576,Engineering,Pending,91
7577,user_7577,Security,Inactive,85
7578,user_7578,Engineering,Inactive,94
7579,user_7579,Operations,Inactive,65
7580,user_7580,Engineering,Inactive,78
7581,user_7581,Engineering,Active,81
7582,user_7582,Engineering,Active,20
7583,user_7583,Engineering,Pending,8
7584,user_7584,Security,Pending,3
7585,user_7585,Security,Pending,84
7586,user_7586,Finance,Pending,61
7587,user_7587,Operations,Active,72
7588,user_7588,Operations,Pending,11
7589,user_7589,Operations,Pending,59
7590,user_7590,Security,Active,29
7591,user_7591,Operations,Pending,42
7592,user_7592,Engineering,Pending,23
7593,user_7593,Finance,Inactive,49
7594,user_7594,Finance,Inactive,47
7595,user_7595,Security,Pending,6
7596,user_7596,Operations,Active,86
7597,user_7597,Operations,Inactive,34
7598,user_7598,Security,Active,78
7599,user_7599,Operations,Pending,29
7600,user_7600,Engineering,Inactive,51
7601,user_7601,Finance,Pending,54
7602,user_7602,Security,Active,79
7603,user_7603,Engineering,Inactive,46
7604,user_7604,Finance,Active,63
7605,user_7605,Finance,Active,81
7606,user_7606,Operations,Inactive,32
7607,user_7607,Security,Pending,26
7608,user_7608,Engineering,Inactive,62
7609,user_7609,Finance,Inactive,91
7610,user_7610,Engineering,Inactive,29
7611,user_7611,Finance,Inactive,80
7612,user_7612,Engineering,Active,57
7613,user_7613,Operations,Pending,21
7614,user_7614,Operations,Inactive,47
7615,user_7615,Finance,Active,70
7616,user_7616,Operations,Active,22
7617,user_7617,Engineering,Active,19
7618,user_7618,Security,Inactive,28
7619,user_7619,Operations,Inactive,97
7620,user_7620,Operations,Active,0
7621,user_7621,Finance,Active,91
7622,user_7622,Security,Inactive,18
7623,user_7623,Finance,Inactive,76
7624,user_7624,Engineering,Active,60
7625,user_7625,Finance,Pending,84
7626,user_7626,Security,Pending,37
7627,user_7627,Security,Inactive,59
7628,user_7628,Security,Active,15
7629,user_7629,Security,Pending,98
7630,user_7630,Operations,Active,52
7631,user_7631,Security,Active,83
7632,user_7632,Operations,Active,51
7633,user_7633,Engineering,Inactive,62
7634,user_7634,Operations,Active,93
7635,user_7635,Engineering,Inactive,56
7636,user_7636,Operations,Active,23
7637,user_7637,Operations,Inactive,82
7638,user_7638,Engineering,Pending,50
7639,user_7639,Engineering,Active,26
7640,user_7640,Security,Pending,70
7641,user_7641,Engineering,Pending,61
7642,user_7642,Security,Inactive,99
7643,user_7643,Operations,Pending,93
7644,user_7644,Security,Pending,72
7645,user_7645,Engineering,Active,55
7646,user_7646,Engineering,Active,64
7647,user_7647,Security,Pending,86
7648,user_7648,Operations,Active,70
7649,user_7649,Security,Inactive,73
7650,user_7650,Security,Active,96
7651,user_7651,Finance,Pending,60
7652,user_7652,Finance,Pending,51
7653,user_7653,Security,Pending,4
7654,user_7654,Operations,Inactive,44
7655,user_7655,Security,Inactive,27
7656,user_7656,Engineering,Active,69
7657,user_7657,Security,Inactive,55
7658,user_7658,Security,Inactive,22
7659,user_7659,Operations,Active,33
7660,user_7660,Operations,Inactive,31
7661,user_7661,Operations,Inactive,7
7662,user_7662,Security,Inactive,4
7663,user_7663,Finance,Pending,21
7664,user_7664,Finance,Active,88
7665,user_7665,Finance,Inactive,11
7666,user_7666,Finance,Active,3
7667,user_7667,Security,Inactive,28
7668,user_7668,Finance,Active,54
7669,user_7669,Security,Inactive,9
7670,user_7670,Engineering,Inactive,63
7671,user_7671,Engineering,Inactive,19
7672,user_7672,Security,Active,55
7673,user_7673,Engineering,Inactive,78
7674,user_7674,Engineering,Active,97
7675,user_7675,Engineering,Active,3
7676,user_7676,Security,Pending,76
7677,user_7677,Finance,Pending,50
7678,user_7678,Security,Pending,37
7679,user_7679,Security,Active,28
7680,user_7680,Finance,Pending,52
7681,user_7681,Engineering,Inactive,51
7682,user_7682,Engineering,Active,83
7683,user_7683,Engineering,Pending,69
7684,user_7684,Operations,Pending,97
7685,user_7685,Operations,Pending,84
7686,user_7686,Finance,Active,35
7687,user_7687,Security,Pending,42
7688,user_7688,Engineering,Active,57
7689,user_7689,Engineering,Pending,52
7690,user_7690,Engineering,Active,42
7691,user_7691,Engineering,Inactive,84
7692,user_7692,Security,Pending,50
7693,user_7693,Security,Pending,66
7694,user_7694,Engineering,Active,71
7695,user_7695,Security,Active,27
7696,user_7696,Engineering,Inactive,33
7697,user_7697,Finance,Pending,19
7698,user_7698,Operations,Inactive,58
7699,user_7699,Finance,Pending,6
7700,user_7700,Security,Inactive,64
7701,user_7701,Finance,Pending,55
7702,user_7702,Engineering,Active,79
7703,user_7703,Security,Inactive,73
7704,user_7704,Operations,Inactive,43
7705,user_7705,Security,Inactive,62
7706,user_7706,Engineering,Active,70
7707,user_7707,Engineering,Pending,6
7708,user_7708,Security,Pending,43
7709,user_7709,Engineering,Active,46
7710,user_7710,Finance,Pending,91
7711,user_7711,Operations,Pending,31
7712,user_7712,Operations,Inactive,68
7713,user_7713,Operations,Pending,21
7714,user_7714,Engineering,Pending,72
7715,user_7715,Finance,Inactive,51
7716,user_7716,Engineering,Pending,68
7717,user_7717,Security,Active,64
7718,user_7718,Engineering,Inactive,84
7719,user_7719,Finance,Pending,98
7720,user_7720,Operations,Inactive,0
7721,user_7721,Finance,Inactive,47
7722,user_7722,Finance,Active,89
7723,user_7723,Operations,Pending,73
7724,user_7724,Engineering,Inactive,81
7725,user_7725,Operations,Active,52
7726,user_7726,Engineering,Pending,51
7727,user_7727,Engineering,Pending,83
7728,user_7728,Finance,Pending,44
7729,user_7729,Finance,Pending,61
7730,user_7730,Engineering,Active,76
7731,user_7731,Finance,Inactive,40
7732,user_7732,Engineering,Inactive,22
7733,user_7733,Operations,Inactive,69
7734,user_7734,Finance,Pending,17
7735,user_7735,Security,Pending,90
7736,user_7736,Engineering,Inactive,73
7737,user_7737,Security,Inactive,12
7738,user_7738,Operations,Inactive,30
7739,user_7739,Security,Inactive,76
7740,user_7740,Engineering,Pending,13
7741,user_7741,Operations,Active,74
7742,user_7742,Engineering,Pending,72
7743,user_7743,Engineering,Inactive,96
7744,user_7744,Engineering,Inactive,97
7745,user_7745,Finance,Inactive,91
7746,user_7746,Operations,Active,78
7747,user_7747,Security,Pending,81
7748,user_7748,Operations,Pending,59
7749,user_7749,Operations,Inactive,26
7750,user_7750,Engineering,Pending,49
7751,user_7751,Finance,Inactive,1
7752,user_7752,Operations,Inactive,83
7753,user_7753,Finance,Pending,78
7754,user_7754,Engineering,Inactive,96
7755,user_7755,Finance,Pending,50
7756,user_7756,Engineering,Pending,96
7757,user_7757,Finance,Active,37
7758,user_7758,Operations,Inactive,82
7759,user_7759,Operations,Inactive,72
7760,user_7760,Security,Inactive,4
7761,user_7761,Finance,Active,31
7762,user_7762,Operations,Inactive,54
7763,user_7763,Engineering,Active,35
7764,user_7764,Security,Active,2
7765,user_7765,Finance,Pending,90
7766,user_7766,Operations,Active,20
7767,user_7767,Engineering,Pending,20
7768,user_7768,Security,Active,33
7769,user_7769,Engineering,Active,43
7770,user_7770,Finance,Pending,52
7771,user_7771,Engineering,Pending,90
7772,user_7772,Operations,Active,92
7773,user_7773,Operations,Pending,28
7774,user_7774,Engineering,Inactive,82
7775,user_7775,Security,Active,83
7776,user_7776,Finance,Inactive,16
7777,user_7777,Operations,Pending,47
7778,user_7778,Finance,Pending,31
7779,user_7779,Security,Inactive,32
7780,user_7780,Finance,Pending,40
7781,user_7781,Engineering,Active,50
7782,user_7782,Operations,Pending,45
7783,user_7783,Security,Active,93
7784,user_7784,Finance,Inactive,12
7785,user_7785,Operations,Inactive,44
7786,user_7786,Engineering,Active,8
7787,user_7787,Operations,Pending,77
7788,user_7788,Finance,Inactive,9
7789,user_7789,Operations,Active,33
7790,user_7790,Security,Active,82
7791,user_7791,Security,Inactive,93
7792,user_7792,Security,Inactive,15
7793,user_7793,Security,Pending,47
7794,user_7794,Security,Active,45
7795,user_7795,Operations,Active,6
7796,user_7796,Finance,Pending,7
7797,user_7797,Finance,Inactive,93
7798,user_7798,Security,Pending,87
7799,user_7799,Engineering,Active,41
7800,user_7800,Engineering,Active,28
7801,user_7801,Engineering,Active,18
7802,user_7802,Operations,Pending,30
7803,user_7803,Security,Active,26
7804,user_7804,Finance,Active,17
7805,user_7805,Operations,Active,100
7806,user_7806,Engineering,Inactive,3
7807,user_7807,Security,Inactive,62
7808,user_7808,Operations,Active,81
7809,user_7809,Operations,Active,57
7810,user_7810,Finance,Inactive,89
7811,user_7811,Engineering,Pending,64
7812,user_7812,Security,Inactive,16
7813,user_7813,Engineering,Active,49
7814,user_7814,Security,Inactive,55
7815,user_7815,Operations,Pending,6
7816,user_7816,Operations,Active,33
7817,user_7817,Security,Inactive,90
7818,user_7818,Operations,Pending,67
7819,user_7819,Finance,Active,78
7820,user_7820,Finance,Active,2
7821,user_7821,Finance,Active,82
7822,user_7822,Finance,Pending,28
7823,user_7823,Operations,Inactive,27
7824,user_7824,Finance,Active,47
7825,user_7825,Engineering,Inactive,75
7826,user_7826,Operations,Pending,81
7827,user_7827,Finance,Active,37
7828,user_7828,Engineering,Pending,86
7829,user_7829,Finance,Pending,24
7830,user_7830,Operations,Pending,85
7831,user_7831,Security,Inactive,39
7832,user_7832,Engineering,Pending,53
7833,user_7833,Security,Active,26
7834,user_7834,Finance,Pending,31
7835,user_7835,Engineering,Inactive,53
7836,user_7836,Finance,Active,77
7837,user_7837,Security,Active,4
7838,user_7838,Engineering,Pending,2
7839,user_7839,Finance,Active,71
7840,user_7840,Finance,Active,55
7841,user_7841,Finance,Inactive,85
7842,user_7842,Engineering,Inactive,75
7843,user_7843,Engineering,Inactive,74
7844,user_7844,Operations,Active,82
7845,user_7845,Operations,Pending,78
7846,user_7846,Finance,Pending,51
7847,user_7847,Finance,Pending,84
7848,user_7848,Operations,Active,70
7849,user_7849,Security,Pending,17
7850,user_7850,Security,Active,42
7851,user_7851,Finance,Pending,11
7852,user_7852,Operations,Active,59
7853,user_7853,Engineering,Pending,22
7854,user_7854,Finance,Inactive,33
7855,user_7855,Security,Pending,52
7856,user_7856,Security,Pending,15
7857,user_7857,Engineering,Pending,93
7858,user_7858,Engineering,Pending,46
7859,user_7859,Finance,Active,70
7860,user_7860,Operations,Active,46
7861,user_7861,Finance,Pending,24
7862,user_7862,Finance,Inactive,66
7863,user_7863,Operations,Inactive,82
7864,user_7864,Operations,Pending,26
7865,user_7865,Operations,Active,24
7866,user_7866,Security,Inactive,47
7867,user_7867,Security,Active,65
7868,user_7868,Finance,Inactive,94
7869,user_7869,Finance,Inactive,67
7870,user_7870,Operations,Pending,69
7871,user_7871,Operations,Pending,79
7872,user_7872,Security,Pending,94
7873,user_7873,Operations,Inactive,91
7874,user_7874,Operations,Inactive,25
7875,user_7875,Finance,Pending,38
7876,user_7876,Security,Inactive,24
7877,user_7877,Engineering,Pending,30
7878,user_7878,Finance,Inactive,89
7879,user_7879,Operations,Inactive,81
7880,user_7880,Operations,Pending,73
7881,user_7881,Finance,Inactive,61
7882,user_7882,Security,Pending,6
7883,user_7883,Finance,Pending,1
7884,user_7884,Security,Inactive,39
7885,user_7885,Engineering,Inactive,37
7886,user_7886,Engineering,Active,63
7887,user_7887,Security,Pending,15
7888,user_7888,Engineering,Inactive,34
7889,user_7889,Engineering,Inactive,30
7890,user_7890,Security,Active,38
7891,user_7891,Operations,Inactive,24
7892,user_7892,Operations,Inactive,53
7893,user_7893,Engineering,Pending,15
7894,user_7894,Operations,Active,96
7895,user_7895,Security,Pending,58
7896,user_7896,Security,Active,84
7897,user_7897,Security,Active,51
7898,user_7898,Engineering,Inactive,34
7899,user_7899,Security,Pending,22
7900,user_7900,Engineering,Pending,74
7901,user_7901,Security,Pending,97
7902,user_7902,Engineering,Pending,25
7903,user_7903,Security,Inactive,41
7904,user_7904,Security,Active,43
7905,user_7905,Finance,Active,38
7906,user_7906,Finance,Pending,90
7907,user_7907,Security,Inactive,80
7908,user_7908,Operations,Pending,36
7909,user_7909,Engineering,Active,27
7910,user_7910,Engineering,Active,50
7911,user_7911,Operations,Pending,43
7912,user_7912,Engineering,Pending,62
7913,user_7913,Operations,Pending,41
7914,user_7914,Engineering,Active,96
7915,user_7915,Operations,Pending,70
7916,user_7916,Finance,Active,91
7917,user_7917,Operations,Active,32
7918,user_7918,Operations,Pending,33
7919,user_7919,Finance,Inactive,77
7920,user_7920,Finance,Inactive,77
7921,user_7921,Engineering,Active,39
7922,user_7922,Operations,Inactive,42
7923,user_7923,Finance,Active,97
7924,user_7924,Operations,Active,52
7925,user_7925,Engineering,Pending,4
7926,user_7926,Security,Pending,72
7927,user_7927,Security,Inactive,35
7928,user_7928,Security,Active,88
7929,user_7929,Operations,Inactive,88
7930,user_7930,Finance,Active,95
7931,user_7931,Finance,Inactive,37
7932,user_7932,Finance,Inactive,42
7933,user_7933,Operations,Pending,17
7934,user_7934,Operations,Inactive,9
7935,user_7935,Engineering,Active,7
7936,user_7936,Finance,Pending,88
7937,user_7937,Engineering,Active,49
7938,user_7938,Finance,Pending,56
7939,user_7939,Operations,Pending,30
7940,user_7940,Operations,Pending,40
7941,user_7941,Finance,Active,33
7942,user_7942,Engineering,Active,37
7943,user_7943,Security,Pending,2
7944,user_7944,Security,Pending,11
7945,user_7945,Engineering,Inactive,9
7946,user_7946,Engineering,Active,1
7947,user_7947,Finance,Active,24
7948,user_7948,Security,Active,91
7949,user_7949,Engineering,Pending,60
7950,user_7950,Finance,Active,12
7951,user_7951,Engineering,Active,33
7952,user_7952,Engineering,Active,87
7953,user_7953,Engineering,Active,22
7954,user_7954,Engineering,Active,38
7955,user_7955,Security,Active,96
7956,user_7956,Engineering,Inactive,93
7957,user_7957,Security,Active,24
7958,user_7958,Security,Inactive,2
7959,user_7959,Operations,Active,55
7960,user_7960,Finance,Inactive,79
7961,user_7961,Engineering,Inactive,62
7962,user_7962,Finance,Inactive,87
7963,user_7963,Engineering,Inactive,44
7964,user_7964,Security,Active,19
7965,user_7965,Finance,Inactive,86
7966,user_7966,Security,Active,43
7967,user_7967,Engineering,Active,89
7968,user_7968,Engineering,Active,86
7969,user_7969,Operations,Inactive,40
7970,user_7970,Operations,Pending,64
7971,user_7971,Finance,Pending,4
7972,user_7972,Security,Inactive,99
7973,user_7973,Operations,Pending,17
7974,user_7974,Finance,Inactive,8
7975,user_7975,Security,Pending,80
7976,user_7976,Security,Active,70
7977,user_7977,Engineering,Active,36
7978,user_7978,Engineering,Pending,10
7979,user_7979,Finance,Active,47
7980,user_7980,Finance,Active,77
7981,user_7981,Operations,Active,68
7982,user_7982,Operations,Inactive,92
7983,user_7983,Operations,Pending,12
7984,user_7984,Operations,Active,54
7985,user_7985,Finance,Active,35
7986,user_7986,Engineering,Pending,76
7987,user_7987,Security,Inactive,98
7988,user_7988,Engineering,Active,12
7989,user_7989,Operations,Active,12
7990,user_7990,Operations,Pending,78
7991,user_7991,Engineering,Inactive,83
7992,user_7992,Engineering,Inactive,85
7993,user_7993,Operations,Pending,93
7994,user_7994,Security,Pending,9
7995,user_7995,Operations,Pending,96
7996,user_7996,Security,Pending,7
7997,user_7997,Finance,Inactive,7
7998,user_7998,Security,Active,61
7999,user_7999,Operations,Active,79
8000,user_8000,Finance,Pending,70
8001,user_8001,Operations,Pending,89
8002,user_8002,Finance,Inactive,54
8003,user_8003,Engineering,Pending,38
8004,user_8004,Finance,Pending,50
8005,user_8005,Finance,Active,5
8006,user_8006,Operations,Pending,41
8007,user_8007,Security,Active,30
8008,user_8008,Finance,Pending,86
8009,user_8009,Security,Active,13
8010,user_8010,Operations,Active,96
8011,user_8011,Finance,Active,65
8012,user_8012,Security,Active,48
8013,user_8013,Operations,Pending,78
8014,user_8014,Finance,Active,69
8015,user_8015,Operations,Pending,21
8016,user_8016,Operations,Pending,2
8017,user_8017,Operations,Pending,99
8018,user_8018,Finance,Pending,20
8019,user_8019,Finance,Active,14
8020,user_8020,Finance,Pending,63
8021,user_8021,Finance,Pending,89
8022,user_8022,Finance,Inactive,75
8023,user_8023,Finance,Active,6
8024,user_8024,Security,Active,21
8025,user_8025,Finance,Active,10
8026,user_8026,Finance,Active,91
8027,user_8027,Engineering,Inactive,52
8028,user_8028,Security,Active,43
8029,user_8029,Security,Pending,17
8030,user_8030,Engineering,Active,29
8031,user_8031,Engineering,Inactive,94
8032,user_8032,Finance,Inactive,91
8033,user_8033,Engineering,Inactive,30
8034,user_8034,Security,Inactive,50
8035,user_8035,Finance,Inactive,88
8036,user_8036,Finance,Inactive,27
8037,user_8037,Operations,Inactive,51
8038,user_8038,Security,Inactive,97
8039,user_8039,Finance,Inactive,65
8040,user_8040,Finance,Pending,37
8041,user_8041,Finance,Active,29
8042,user_8042,Operations,Active,3
8043,user_8043,Finance,Pending,40
8044,user_8044,Finance,Inactive,44
8045,user_8045,Engineering,Inactive,89
8046,user_8046,Operations,Pending,62
8047,user_8047,Finance,Pending,81
8048,user_8048,Engineering,Inactive,13
8049,user_8049,Engineering,Pending,67
8050,user_8050,Operations,Pending,19
8051,user_8051,Finance,Active,16
8052,user_8052,Security,Inactive,89
8053,user_8053,Security,Inactive,62
8054,user_8054,Security,Inactive,77
8055,user_8055,Engineering,Pending,98
8056,user_8056,Operations,Pending,92
8057,user_8057,Engineering,Inactive,2
8058,user_8058,Engineering,Active,50
8059,user_8059,Finance,Inactive,59
8060,user_8060,Operations,Pending,73
8061,user_8061,Engineering,Active,4
8062,user_8062,Security,Inactive,40
8063,user_8063,Finance,Active,27
8064,user_8064,Engineering,Pending,71
8065,user_8065,Security,Pending,35
8066,user_8066,Engineering,Inactive,39
8067,user_8067,Operations,Inactive,8
8068,user_8068,Operations,Active,34
8069,user_8069,Engineering,Active,0
8070,user_8070,Security,Pending,48
8071,user_8071,Operations,Pending,44
8072,user_8072,Engineering,Pending,19
8073,user_8073,Operations,Inactive,31
8074,user_8074,Engineering,Active,62
8075,user_8075,Operations,Active,28
8076,user_8076,Operations,Pending,5
8077,user_8077,Engineering,Inactive,40
8078,user_8078,Finance,Inactive,51
8079,user_8079,Operations,Inactive,32
8080,user_8080,Security,Inactive,77
8081,user_8081,Operations,Pending,57
8082,user_8082,Engineering,Active,78
8083,user_8083,Engineering,Active,18
8084,user_8084,Engineering,Inactive,100
8085,user_8085,Operations,Active,81
8086,user_8086,Security,Pending,39
8087,user_8087,Operations,Pending,93
8088,user_8088,Operations,Pending,93
8089,user_8089,Security,Active,27
8090,user_8090,Finance,Pending,30
8091,user_8091,Security,Inactive,35
8092,user_8092,Finance,Inactive,55
8093,user_8093,Finance,Inactive,33
8094,user_8094,Operations,Inactive,13
8095,user_8095,Operations,Pending,51
8096,user_8096,Finance,Pending,20
8097,user_8097,Finance,Active,37
8098,user_8098,Engineering,Inactive,54
8099,user_8099,Engineering,Pending,3
8100,user_8100,Engineering,Active,88
8101,user_8101,Engineering,Inactive,71
8102,user_8102,Security,Pending,31
8103,user_8103,Operations,Inactive,35
8104,user_8104,Security,Inactive,29
8105,user_8105,Engineering,Inactive,54
8106,user_8106,Operations,Active,83
8107,user_8107,Engineering,Active,64
8108,user_8108,Finance,Inactive,70
8109,user_8109,Security,Inactive,83
8110,user_8110,Operations,Inactive,95
8111,user_8111,Security,Active,95
8112,user_8112,Finance,Active,8
8113,user_8113,Security,Active,18
8114,user_8114,Operations,Inactive,7
8115,user_8115,Engineering,Pending,41
8116,user_8116,Security,Active,82
8117,user_8117,Security,Inactive,72
8118,user_8118,Engineering,Inactive,54
8119,user_8119,Operations,Inactive,32
8120,user_8120,Engineering,Inactive,6
8121,user_8121,Finance,Inactive,72
8122,user_8122,Finance,Pending,58
8123,user_8123,Finance,Inactive,47
8124,user_8124,Finance,Inactive,2
8125,user_8125,Engineering,Active,74
8126,user_8126,Finance,Inactive,77
8127,user_8127,Engineering,Pending,0
8128,user_8128,Security,Inactive,35
8129,user_8129,Security,Inactive,97
8130,user_8130,Finance,Active,10
8131,user_8131,Engineering,Inactive,15
8132,user_8132,Operations,Active,97
8133,user_8133,Engineering,Inactive,37
8134,user_8134,Operations,Active,21
8135,user_8135,Operations,Inactive,66
8136,user_8136,Security,Inactive,14
8137,user_8137,Engineering,Pending,78
8138,user_8138,Finance,Inactive,24
8139,user_8139,Operations,Inactive,1
8140,user_8140,Security,Active,99
8141,user_8141,Finance,Active,7
8142,user_8142,Engineering,Pending,4
8143,user_8143,Security,Pending,12
8144,user_8144,Security,Inactive,70
8145,user_8145,Operations,Inactive,99
8146,user_8146,Finance,Active,50
8147,user_8147,Finance,Inactive,39
8148,user_8148,Finance,Pending,85
8149,user_8149,Security,Inactive,18
8150,user_8150,Operations,Pending,51
8151,user_8151,Security,Pending,63
8152,user_8152,Engineering,Pending,93
8153,user_8153,Operations,Inactive,82
8154,user_8154,Engineering,Active,76
8155,user_8155,Operations,Inactive,38
8156,user_8156,Operations,Active,79
8157,user_8157,Security,Inactive,71
8158,user_8158,Operations,Inactive,97
8159,user_8159,Engineering,Active,64
8160,user_8160,Finance,Active,44
8161,user_8161,Security,Pending,7
8162,user_8162,Engineering,Inactive,76
8163,user_8163,Operations,Active,39
8164,user_8164,Operations,Active,7
8165,user_8165,Engineering,Active,65
8166,user_8166,Operations,Inactive,59
8167,user_8167,Finance,Pending,82
8168,user_8168,Security,Pending,87
8169,user_8169,Engineering,Inactive,28
8170,user_8170,Operations,Active,85
8171,user_8171,Finance,Active,80
8172,user_8172,Engineering,Pending,42
8173,user_8173,Finance,Active,47
8174,user_8174,Finance,Pending,3
8175,user_8175,Security,Active,35
8176,user_8176,Engineering,Active,98
8177,user_8177,Engineering,Active,39
8178,user_8178,Engineering,Inactive,60
8179,user_8179,Finance,Inactive,9
8180,user_8180,Engineering,Active,60
8181,user_8181,Engineering,Pending,23
8182,user_8182,Finance,Pending,94
8183,user_8183,Security,Pending,49
8184,user_8184,Finance,Inactive,21
8185,user_8185,Operations,Inactive,63
8186,user_8186,Security,Inactive,66
8187,user_8187,Engineering,Inactive,42
8188,user_8188,Operations,Inactive,67
8189,user_8189,Operations,Pending,10
8190,user_8190,Engineering,Active,74
8191,user_8191,Finance,Inactive,54
8192,user_8192,Security,Pending,98
8193,user_8193,Engineering,Pending,39
8194,user_8194,Engineering,Pending,15
8195,user_8195,Finance,Pending,11
8196,user_8196,Finance,Inactive,70
8197,user_8197,Operations,Active,35
8198,user_8198,Security,Active,51
8199,user_8199,Engineering,Active,48
8200,user_8200,Engineering,Pending,85
8201,user_8201,Engineering,Inactive,12
8202,user_8202,Security,Pending,30
8203,user_8203,Operations,Active,87
8204,user_8204,Finance,Inactive,15
8205,user_8205,Security,Active,99
8206,user_8206,Operations,Active,13
8207,user_8207,Engineering,Inactive,1
8208,user_8208,Finance,Pending,41
8209,user_8209,Operations,Inactive,47
8210,user_8210,Finance,Active,9
8211,user_8211,Finance,Inactive,88
8212,user_8212,Operations,Active,29
8213,user_8213,Security,Pending,23
8214,user_8214,Engineering,Pending,57
8215,user_8215,Security,Pending,24
8216,user_8216,Finance,Inactive,18
8217,user_8217,Operations,Inactive,96
8218,user_8218,Security,Active,26
8219,user_8219,Finance,Pending,91
8220,user_8220,Engineering,Pending,68
8221,user_8221,Security,Active,98
8222,user_8222,Engineering,Inactive,16
8223,user_8223,Finance,Pending,48
8224,user_8224,Engineering,Pending,37
8225,user_8225,Finance,Pending,20
8226,user_8226,Engineering,Active,93
8227,user_8227,Operations,Inactive,67
8228,user_8228,Operations,Pending,32
8229,user_8229,Security,Inactive,81
8230,user_8230,Engineering,Active,51
8231,user_8231,Finance,Active,97
8232,user_8232,Operations,Pending,51
8233,user_8233,Finance,Active,42
8234,user_8234,Engineering,Inactive,40
8235,user_8235,Engineering,Active,70
8236,user_8236,Engineering,Pending,24
8237,user_8237,Operations,Pending,19
8238,user_8238,Operations,Inactive,99
8239,user_8239,Security,Inactive,64
8240,user_8240,Finance,Active,75
8241,user_8241,Security,Inactive,11
8242,user_8242,Finance,Inactive,74
8243,user_8243,Finance,Pending,23
8244,user_8244,Engineering,Inactive,58
8245,user_8245,Security,Pending,68
8246,user_8246,Engineering,Active,59
8247,user_8247,Security,Pending,74
8248,user_8248,Operations,Inactive,71
8249,user_8249,Finance,Pending,31
8250,user_8250,Operations,Inactive,46
8251,user_8251,Finance,Inactive,24
8252,user_8252,Operations,Active,35
8253,user_8253,Finance,Active,42
8254,user_8254,Security,Pending,4
8255,user_8255,Engineering,Active,48
8256,user_8256,Engineering,Inactive,34
8257,user_8257,Operations,Active,91
8258,user_8258,Operations,Active,77
8259,user_8259,Security,Pending,24
8260,user_8260,Operations,Active,84
8261,user_8261,Operations,Pending,17
8262,user_8262,Security,Inactive,84
8263,user_8263,Engineering,Inactive,37
8264,user_8264,Security,Inactive,18
8265,user_8265,Operations,Pending,38
8266,user_8266,Finance,Inactive,0
8267,user_8267,Operations,Active,62
8268,user_8268,Engineering,Pending,96
8269,user_8269,Engineering,Active,4
8270,user_8270,Security,Active,7
8271,user_8271,Security,Inactive,64
8272,user_8272,Finance,Inactive,96
8273,user_8273,Operations,Pending,54
8274,user_8274,Operations,Inactive,43
8275,user_8275,Finance,Active,74
8276,user_8276,Finance,Inactive,54
8277,user_8277,Security,Pending,92
8278,user_8278,Engineering,Pending,59
8279,user_8279,Security,Pending,72
8280,user_8280,Operations,Active,68
8281,user_8281,Engineering,Pending,48
8282,user_8282,Finance,Pending,47
8283,user_8283,Engineering,Inactive,5
8284,user_8284,Finance,Inactive,77
8285,user_8285,Operations,Active,11
8286,user_8286,Security,Pending,16
8287,user_8287,Engineering,Pending,70
8288,user_8288,Engineering,Inactive,66
8289,user_8289,Finance,Active,20
8290,user_8290,Engineering,Pending,15
8291,user_8291,Engineering,Active,90
8292,user_8292,Security,Pending,48
8293,user_8293,Security,Active,39
8294,user_8294,Security,Pending,58
8295,user_8295,Operations,Inactive,10
8296,user_8296,Operations,Inactive,90
8297,user_8297,Security,Inactive,74
8298,user_8298,Operations,Inactive,75
8299,user_8299,Finance,Inactive,30
8300,user_8300,Engineering,Inactive,85
8301,user_8301,Security,Pending,22
8302,user_8302,Finance,Active,98
8303,user_8303,Security,Active,69
8304,user_8304,Finance,Inactive,52
8305,user_8305,Engineering,Active,21
8306,user_8306,Operations,Inactive,42
8307,user_8307,Operations,Pending,86
8308,user_8308,Security,Inactive,94
8309,user_8309,Operations,Active,0
8310,user_8310,Security,Active,31
8311,user_8311,Security,Inactive,83
8312,user_8312,Finance,Inactive,49
8313,user_8313,Engineering,Inactive,86
8314,user_8314,Operations,Inactive,45
8315,user_8315,Security,Pending,82
8316,user_8316,Operations,Pending,0
8317,user_8317,Finance,Active,32
8318,user_8318,Finance,Inactive,27
8319,user_8319,Engineering,Pending,10
8320,user_8320,Finance,Pending,8
8321,user_8321,Security,Inactive,57
8322,user_8322,Security,Active,72
8323,user_8323,Engineering,Pending,2
8324,user_8324,Engineering,Pending,7
8325,user_8325,Security,Active,33
8326,user_8326,Security,Active,33
8327,user_8327,Security,Pending,32
8328,user_8328,Security,Pending,57
8329,user_8329,Security,Pending,19
8330,user_8330,Engineering,Inactive,39
8331,user_8331,Engineering,Inactive,8
8332,user_8332,Security,Pending,99
8333,user_8333,Engineering,Pending,9
8334,user_8334,Finance,Active,99
8335,user_8335,Operations,Pending,68
8336,user_8336,Finance,Pending,100
8337,user_8337,Security,Pending,10
8338,user_8338,Finance,Pending,71
8339,user_8339,Engineering,Pending,45
8340,user_8340,Operations,Active,10
8341,user_8341,Security,Active,51
8342,user_8342,Security,Active,43
8343,user_8343,Engineering,Inactive,88
8344,user_8344,Security,Pending,92
8345,user_8345,Operations,Pending,66
8346,user_8346,Finance,Inactive,44
8347,user_8347,Finance,Inactive,77
8348,user_8348,Security,Pending,96
8349,user_8349,Engineering,Pending,33
8350,user_8350,Operations,Active,84
8351,user_8351,Finance,Pending,7
8352,user_8352,Security,Active,50
8353,user_8353,Engineering,Pending,93
8354,user_8354,Engineering,Pending,77
8355,user_8355,Engineering,Active,94
8356,user_8356,Operations,Active,52
8357,user_8357,Operations,Active,75
8358,user_8358,Finance,Pending,18
8359,user_8359,Finance,Inactive,86
8360,user_8360,Engineering,Inactive,28
8361,user_8361,Operations,Active,53
8362,user_8362,Finance,Inactive,85
8363,user_8363,Finance,Inactive,62
8364,user_8364,Engineering,Pending,84
8365,user_8365,Finance,Pending,77
8366,user_8366,Finance,Inactive,29
8367,user_8367,Finance,Pending,41
8368,user_8368,Operations,Inactive,37
8369,user_8369,Finance,Inactive,98
8370,user_8370,Engineering,Active,75
8371,user_8371,Engineering,Pending,30
8372,user_8372,Finance,Active,70
8373,user_8373,Finance,Inactive,17
8374,user_8374,Finance,Inactive,15
8375,user_8375,Finance,Inactive,82
8376,user_8376,Finance,Pending,17
8377,user_8377,Finance,Inactive,18
8378,user_8378,Engineering,Active,39
8379,user_8379,Security,Inactive,38
8380,user_8380,Engineering,Inactive,32
8381,user_8381,Operations,Pending,11
8382,user_8382,Finance,Inactive,96
8383,user_8383,Operations,Inactive,2
8384,user_8384,Engineering,Active,40
8385,user_8385,Finance,Active,13
8386,user_8386,Finance,Active,36
8387,user_8387,Security,Active,49
8388,user_8388,Security,Inactive,65
8389,user_8389,Security,Active,19
8390,user_8390,Finance,Inactive,55
8391,user_8391,Security,Inactive,7
8392,user_8392,Operations,Pending,59
8393,user_8393,Security,Pending,69
8394,user_8394,Operations,Inactive,28
8395,user_8395,Engineering,Inactive,63
8396,user_8396,Security,Inactive,10
8397,user_8397,Finance,Active,99
8398,user_8398,Finance,Inactive,34
8399,user_8399,Engineering,Pending,96
8400,user_8400,Operations,Inactive,66
8401,user_8401,Security,Pending,80
8402,user_8402,Engineering,Inactive,23
8403,user_8403,Finance,Inactive,48
8404,user_8404,Engineering,Inactive,65
8405,user_8405,Finance,Active,47
8406,user_8406,Security,Inactive,84
8407,user_8407,Engineering,Inactive,59
8408,user_8408,Finance,Inactive,99
8409,user_8409,Engineering,Pending,48
8410,user_8410,Finance,Pending,92
8411,user_8411,Security,Inactive,65
8412,user_8412,Engineering,Active,69
8413,user_8413,Finance,Active,21
8414,user_8414,Finance,Pending,92
8415,user_8415,Engineering,Active,33
8416,user_8416,Finance,Pending,74
8417,user_8417,Finance,Inactive,37
8418,user_8418,Security,Inactive,71
8419,user_8419,Security,Active,21
8420,user_8420,Engineering,Pending,34
8421,user_8421,Operations,Inactive,51
8422,user_8422,Finance,Pending,15
8423,user_8423,Finance,Inactive,26
8424,user_8424,Engineering,Pending,65
8425,user_8425,Operations,Active,59
8426,user_8426,Engineering,Pending,25
8427,user_8427,Engineering,Active,15
8428,user_8428,Engineering,Inactive,77
8429,user_8429,Engineering,Inactive,97
8430,user_8430,Operations,Pending,40
8431,user_8431,Finance,Inactive,15
8432,user_8432,Operations,Active,24
8433,user_8433,Security,Active,65
8434,user_8434,Operations,Inactive,97
8435,user_8435,Security,Pending,33
8436,user_8436,Engineering,Pending,95
8437,user_8437,Operations,Inactive,19
8438,user_8438,Engineering,Active,10
8439,user_8439,Operations,Pending,25
8440,user_8440,Finance,Inactive,6
8441,user_8441,Security,Inactive,70
8442,user_8442,Engineering,Pending,97
8443,user_8443,Operations,Inactive,13
8444,user_8444,Security,Active,23
8445,user_8445,Engineering,Active,20
8446,user_8446,Engineering,Active,37
8447,user_8447,Operations,Active,35
8448,user_8448,Operations,Active,38
8449,user_8449,Operations,Inactive,13
8450,user_8450,Engineering,Active,24
8451,user_8451,Operations,Inactive,72
8452,user_8452,Engineering,Pending,95
8453,user_8453,Security,Pending,75
8454,user_8454,Security,Pending,99
8455,user_8455,Security,Active,24
8456,user_8456,Operations,Pending,90
8457,user_8457,Engineering,Active,9
8458,user_8458,Security,Inactive,88
8459,user_8459,Finance,Active,2
8460,user_8460,Engineering,Inactive,96
8461,user_8461,Operations,Active,3
8462,user_8462,Operations,Active,45
8463,user_8463,Engineering,Active,52
8464,user_8464,Engineering,Pending,66
8465,user_8465,Security,Pending,27
8466,user_8466,Security,Inactive,72
8467,user_8467,Engineering,Pending,4
8468,user_8468,Operations,Inactive,55
8469,user_8469,Engineering,Pending,60
8470,user_8470,Finance,Pending,75
8471,user_8471,Security,Inactive,72
8472,user_8472,Finance,Active,100
8473,user_8473,Finance,Pending,52
8474,user_8474,Finance,Pending,29
8475,user_8475,Engineering,Inactive,97
8476,user_8476,Engineering,Active,42
8477,user_8477,Operations,Active,66
8478,user_8478,Finance,Pending,64
8479,user_8479,Finance,Active,30
8480,user_8480,Engineering,Pending,31
8481,user_8481,Security,Pending,22
8482,user_8482,Operations,Active,64
8483,user_8483,Engineering,Inactive,34
8484,user_8484,Engineering,Pending,83
8485,user_8485,Operations,Inactive,34
8486,user_8486,Finance,Active,96
8487,user_8487,Finance,Pending,3
8488,user_8488,Finance,Pending,66
8489,user_8489,Operations,Active,86
8490,user_8490,Security,Inactive,26
8491,user_8491,Security,Inactive,78
8492,user_8492,Engineering,Active,99
8493,user_8493,Security,Pending,22
8494,user_8494,Security,Active,42
8495,user_8495,Finance,Pending,94
8496,user_8496,Finance,Inactive,86
8497,user_8497,Engineering,Pending,32
8498,user_8498,Engineering,Inactive,76
8499,user_8499,Security,Active,14
8500,user_8500,Operations,Active,55
8501,user_8501,Operations,Inactive,99
8502,user_8502,Security,Inactive,66
8503,user_8503,Finance,Pending,74
8504,user_8504,Finance,Pending,30
8505,user_8505,Finance,Pending,64
8506,user_8506,Engineering,Pending,11
8507,user_8507,Engineering,Active,81
8508,user_8508,Security,Active,24
8509,user_8509,Engineering,Inactive,2
8510,user_8510,Engineering,Inactive,37
8511,user_8511,Engineering,Pending,76
8512,user_8512,Operations,Active,37
8513,user_8513,Operations,Active,87
8514,user_8514,Engineering,Pending,30
8515,user_8515,Security,Pending,47
8516,user_8516,Operations,Active,42
8517,user_8517,Security,Pending,34
8518,user_8518,Security,Inactive,15
8519,user_8519,Finance,Inactive,16
8520,user_8520,Finance,Inactive,75
8521,user_8521,Operations,Inactive,57
8522,user_8522,Security,Active,28
8523,user_8523,Operations,Inactive,77
8524,user_8524,Security,Active,2
8525,user_8525,Engineering,Active,12
8526,user_8526,Operations,Inactive,99
8527,user_8527,Security,Inactive,76
8528,user_8528,Engineering,Inactive,32
8529,user_8529,Security,Inactive,5
8530,user_8530,Operations,Active,8
8531,user_8531,Finance,Pending,99
8532,user_8532,Finance,Inactive,63
8533,user_8533,Security,Active,92
8534,user_8534,Engineering,Active,64
8535,user_8535,Operations,Active,0
8536,user_8536,Finance,Active,81
8537,user_8537,Engineering,Pending,78
8538,user_8538,Operations,Pending,44
8539,user_8539,Engineering,Active,6
8540,user_8540,Operations,Active,36
8541,user_8541,Engineering,Pending,84
8542,user_8542,Security,Inactive,65
8543,user_8543,Engineering,Inactive,6
8544,user_8544,Finance,Pending,49
8545,user_8545,Operations,Pending,84
8546,user_8546,Finance,Active,67
8547,user_8547,Engineering,Active,77
8548,user_8548,Finance,Pending,81
8549,user_8549,Security,Pending,98
8550,user_8550,Operations,Active,93
8551,user_8551,Engineering,Inactive,83
8552,user_8552,Security,Inactive,68
8553,user_8553,Finance,Inactive,52
8554,user_8554,Engineering,Inactive,31
8555,user_8555,Finance,Inactive,3
8556,user_8556,Finance,Inactive,52
8557,user_8557,Operations,Active,35
8558,user_8558,Finance,Active,63
8559,user_8559,Finance,Inactive,92
8560,user_8560,Operations,Inactive,27
8561,user_8561,Operations,Pending,12
8562,user_8562,Operations,Pending,28
8563,user_8563,Finance,Pending,29
8564,user_8564,Engineering,Active,70
8565,user_8565,Engineering,Active,59
8566,user_8566,Operations,Pending,18
8567,user_8567,Finance,Pending,44
8568,user_8568,Security,Pending,64
8569,user_8569,Engineering,Pending,73
8570,user_8570,Security,Pending,46
8571,user_8571,Security,Active,29
8572,user_8572,Engineering,Active,27
8573,user_8573,Security,Active,22
8574,user_8574,Operations,Pending,68
8575,user_8575,Operations,Pending,77
8576,user_8576,Engineering,Active,6
8577,user_8577,Operations,Active,16
8578,user_8578,Finance,Active,15
8579,user_8579,Security,Inactive,92
8580,user_8580,Operations,Inactive,45
8581,user_8581,Operations,Inactive,35
8582,user_8582,Security,Active,24
8583,user_8583,Engineering,Pending,58
8584,user_8584,Security,Pending,91
8585,user_8585,Finance,Inactive,57
8586,user_8586,Engineering,Inactive,47
8587,user_8587,Security,Active,32
8588,user_8588,Operations,Active,93
8589,user_8589,Finance,Pending,77
8590,user_8590,Finance,Active,40
8591,user_8591,Operations,Inactive,29
8592,user_8592,Engineering,Active,38
8593,user_8593,Engineering,Pending,30
8594,user_8594,Finance,Inactive,10
8595,user_8595,Operations,Active,86
8596,user_8596,Finance,Active,25
8597,user_8597,Operations,Active,42
8598,user_8598,Finance,Pending,40
8599,user_8599,Finance,Pending,46
8600,user_8600,Finance,Active,49
8601,user_8601,Operations,Inactive,93
8602,user_8602,Engineering,Pending,63
8603,user_8603,Engineering,Active,30
8604,user_8604,Engineering,Pending,10
8605,user_8605,Security,Pending,46
8606,user_8606,Operations,Inactive,36
8607,user_8607,Finance,Active,33
8608,user_8608,Operations,Active,27
8609,user_8609,Engineering,Inactive,37
8610,user_8610,Finance,Active,80
8611,user_8611,Operations,Active,61
8612,user_8612,Operations,Inactive,56
8613,user_8613,Operations,Pending,49
8614,user_8614,Operations,Active,25
8615,user_8615,Engineering,Active,31
8616,user_8616,Operations,Inactive,3
8617,user_8617,Security,Pending,46
8618,user_8618,Engineering,Inactive,81
8619,user_8619,Engineering,Pending,18
8620,user_8620,Finance,Pending,84
8621,user_8621,Engineering,Inactive,27
8622,user_8622,Engineering,Inactive,53
8623,user_8623,Security,Active,57
8624,user_8624,Operations,Inactive,36
8625,user_8625,Finance,Inactive,31
8626,user_8626,Finance,Inactive,84
8627,user_8627,Security,Active,8
8628,user_8628,Operations,Inactive,62
8629,user_8629,Operations,Pending,74
8630,user_8630,Operations,Inactive,69
8631,user_8631,Security,Pending,55
8632,user_8632,Security,Active,51
8633,user_8633,Finance,Pending,66
8634,user_8634,Operations,Inactive,90
8635,user_8635,Operations,Inactive,26
8636,user_8636,Finance,Inactive,41
8637,user_8637,Security,Inactive,21
8638,user_8638,Operations,Active,31
8639,user_8639,Security,Active,83
8640,user_8640,Finance,Pending,11
8641,user_8641,Security,Active,93
8642,user_8642,Security,Inactive,48
8643,user_8643,Engineering,Inactive,19
8644,user_8644,Finance,Active,30
8645,user_8645,Engineering,Pending,7
8646,user_8646,Finance,Active,80
8647,user_8647,Security,Inactive,65
8648,user_8648,Finance,Active,77
8649,user_8649,Finance,Active,50
8650,user_8650,Finance,Active,90
8651,user_8651,Engineering,Active,69
8652,user_8652,Security,Pending,68
8653,user_8653,Finance,Pending,10
8654,user_8654,Operations,Active,74
8655,user_8655,Operations,Inactive,75
8656,user_8656,Security,Inactive,89
8657,user_8657,Finance,Pending,55
8658,user_8658,Security,Inactive,76
8659,user_8659,Engineering,Active,15
8660,user_8660,Operations,Active,80
8661,user_8661,Operations,Pending,44
8662,user_8662,Finance,Inactive,26
8663,user_8663,Finance,Pending,55
8664,user_8664,Operations,Pending,90
8665,user_8665,Finance,Pending,50
8666,user_8666,Finance,Pending,85
8667,user_8667,Security,Active,97
8668,user_8668,Security,Inactive,24
8669,user_8669,Security,Pending,20
8670,user_8670,Engineering,Pending,92
8671,user_8671,Finance,Inactive,11
8672,user_8672,Operations,Active,25
8673,user_8673,Operations,Active,30
8674,user_8674,Engineering,Pending,97
8675,user_8675,Engineering,Active,60
8676,user_8676,Security,Pending,66
8677,user_8677,Security,Pending,93
8678,user_8678,Finance,Active,75
8679,user_8679,Engineering,Active,13
8680,user_8680,Security,Inactive,76
8681,user_8681,Operations,Pending,37
8682,user_8682,Operations,Active,3
8683,user_8683,Finance,Pending,99
8684,user_8684,Engineering,Active,25
8685,user_8685,Finance,Pending,100
8686,user_8686,Engineering,Pending,10
8687,user_8687,Engineering,Inactive,61
8688,user_8688,Operations,Active,26
8689,user_8689,Security,Pending,73
8690,user_8690,Engineering,Active,80
8691,user_8691,Engineering,Inactive,55
8692,user_8692,Security,Pending,79
8693,user_8693,Security,Inactive,61
8694,user_8694,Security,Active,48
8695,user_8695,Finance,Pending,3
8696,user_8696,Engineering,Inactive,41
8697,user_8697,Finance,Pending,16
8698,user_8698,Finance,Inactive,3
8699,user_8699,Finance,Active,69
8700,user_8700,Operations,Pending,19
8701,user_8701,Engineering,Active,60
8702,user_8702,Operations,Pending,86
8703,user_8703,Engineering,Pending,5
8704,user_8704,Security,Active,47
8705,user_8705,Security,Pending,37
8706,user_8706,Finance,Pending,56
8707,user_8707,Security,Active,4
8708,user_8708,Operations,Pending,10
8709,user_8709,Security,Inactive,68
8710,user_8710,Engineering,Pending,72
8711,user_8711,Operations,Active,72
8712,user_8712,Engineering,Inactive,80
8713,user_8713,Security,Pending,98
8714,user_8714,Finance,Pending,35
8715,user_8715,Finance,Active,30
8716,user_8716,Operations,Inactive,45
8717,user_8717,Security,Inactive,69
8718,user_8718,Operations,Inactive,98
8719,user_8719,Finance,Inactive,93
8720,user_8720,Engineering,Inactive,31
8721,user_8721,Security,Active,22
8722,user_8722,Security,Inactive,80
8723,user_8723,Finance,Pending,72
8724,user_8724,Finance,Pending,15
8725,user_8725,Finance,Pending,41
8726,user_8726,Security,Pending,68
8727,user_8727,Security,Active,62
8728,user_8728,Operations,Inactive,81
8729,user_8729,Finance,Pending,59
8730,user_8730,Security,Active,52
8731,user_8731,Engineering,Active,61
8732,user_8732,Finance,Pending,0
8733,user_8733,Security,Active,33
8734,user_8734,Security,Pending,64
8735,user_8735,Finance,Pending,90
8736,user_8736,Operations,Pending,37
8737,user_8737,Operations,Active,86
8738,user_8738,Security,Inactive,70
8739,user_8739,Finance,Active,16
8740,user_8740,Finance,Pending,83
8741,user_8741,Finance,Active,95
8742,user_8742,Security,Inactive,68
8743,user_8743,Operations,Inactive,61
8744,user_8744,Engineering,Active,30
8745,user_8745,Operations,Pending,6
8746,user_8746,Engineering,Pending,12
8747,user_8747,Security,Pending,21
8748,user_8748,Engineering,Pending,9
8749,user_8749,Security,Pending,26
8750,user_8750,Security,Pending,89
8751,user_8751,Operations,Pending,78
8752,user_8752,Operations,Pending,24
8753,user_8753,Engineering,Inactive,78
8754,user_8754,Security,Active,86
8755,user_8755,Operations,Pending,74
8756,user_8756,Finance,Active,99
8757,user_8757,Security,Pending,84
8758,user_8758,Security,Inactive,46
8759,user_8759,Finance,Pending,28
8760,user_8760,Security,Inactive,32
8761,user_8761,Security,Active,11
8762,user_8762,Engineering,Inactive,49
8763,user_8763,Engineering,Inactive,71
8764,user_8764,Security,Inactive,82
8765,user_8765,Finance,Pending,88
8766,user_8766,Finance,Inactive,43
8767,user_8767,Finance,Active,85
8768,user_8768,Engineering,Active,90
8769,user_8769,Engineering,Inactive,93
8770,user_8770,Security,Pending,30
8771,user_8771,Operations,Inactive,29
8772,user_8772,Security,Pending,29
8773,user_8773,Security,Pending,46
8774,user_8774,Security,Active,13
8775,user_8775,Engineering,Active,58
8776,user_8776,Operations,Pending,26
8777,user_8777,Engineering,Pending,64
8778,user_8778,Operations,Inactive,2
8779,user_8779,Security,Active,37
8780,user_8780,Security,Inactive,16
8781,user_8781,Engineering,Pending,48
8782,user_8782,Operations,Active,93
8783,user_8783,Operations,Inactive,7
8784,user_8784,Finance,Inactive,45
8785,user_8785,Security,Pending,10
8786,user_8786,Finance,Active,33
8787,user_8787,Finance,Active,46
8788,user_8788,Engineering,Inactive,65
8789,user_8789,Security,Active,98
8790,user_8790,Finance,Inactive,25
8791,user_8791,Operations,Inactive,58
8792,user_8792,Security,Pending,95
8793,user_8793,Engineering,Active,34
8794,user_8794,Operations,Inactive,40
8795,user_8795,Engineering,Active,39
8796,user_8796,Security,Pending,67
8797,user_8797,Security,Active,81
8798,user_8798,Security,Pending,31
8799,user_8799,Security,Inactive,36
8800,user_8800,Security,Active,67
8801,user_8801,Operations,Pending,49
8802,user_8802,Engineering,Pending,20
8803,user_8803,Finance,Pending,32
8804,user_8804,Finance,Active,56
8805,user_8805,Security,Active,15
8806,user_8806,Operations,Active,58
8807,user_8807,Security,Pending,47
8808,user_8808,Engineering,Active,66
8809,user_8809,Finance,Active,59
8810,user_8810,Engineering,Inactive,15
8811,user_8811,Finance,Active,19
8812,user_8812,Security,Pending,88
8813,user_8813,Security,Active,14
8814,user_8814,Finance,Active,9
8815,user_8815,Engineering,Inactive,82
8816,user_8816,Operations,Inactive,69
8817,user_8817,Security,Pending,26
8818,user_8818,Engineering,Pending,97
8819,user_8819,Operations,Active,86
8820,user_8820,Engineering,Active,19
8821,user_8821,Security,Pending,29
8822,user_8822,Operations,Active,60
8823,user_8823,Security,Inactive,91
8824,user_8824,Engineering,Inactive,65
8825,user_8825,Security,Active,80
8826,user_8826,Finance,Pending,53
8827,user_8827,Finance,Inactive,55
8828,user_8828,Engineering,Active,74
8829,user_8829,Engineering,Active,38
8830,user_8830,Security,Inactive,58
8831,user_8831,Finance,Inactive,18
8832,user_8832,Finance,Active,39
8833,user_8833,Operations,Active,13
8834,user_8834,Operations,Inactive,65
8835,user_8835,Operations,Active,98
8836,user_8836,Operations,Inactive,54
8837,user_8837,Engineering,Inactive,42
8838,user_8838,Finance,Active,55
8839,user_8839,Operations,Pending,91
8840,user_8840,Operations,Pending,70
8841,user_8841,Operations,Pending,26
8842,user_8842,Engineering,Inactive,96
8843,user_8843,Engineering,Active,98
8844,user_8844,Engineering,Inactive,66
8845,user_8845,Security,Active,49
8846,user_8846,Operations,Pending,6
8847,user_8847,Security,Inactive,40
8848,user_8848,Engineering,Inactive,86
8849,user_8849,Finance,Pending,65
8850,user_8850,Security,Active,20
8851,user_8851,Operations,Active,55
8852,user_8852,Security,Inactive,66
8853,user_8853,Security,Inactive,26
8854,user_8854,Engineering,Inactive,41
8855,user_8855,Engineering,Pending,57
8856,user_8856,Operations,Active,49
8857,user_8857,Finance,Active,85
8858,user_8858,Security,Inactive,57
8859,user_8859,Engineering,Pending,39
8860,user_8860,Finance,Inactive,91
8861,user_8861,Security,Inactive,52
8862,user_8862,Security,Inactive,48
8863,user_8863,Security,Active,57
8864,user_8864,Operations,Inactive,74
8865,user_8865,Engineering,Inactive,34
8866,user_8866,Finance,Pending,98
8867,user_8867,Security,Pending,99
8868,user_8868,Operations,Inactive,2
8869,user_8869,Finance,Inactive,10
8870,user_8870,Engineering,Active,100
8871,user_8871,Finance,Inactive,46
8872,user_8872,Operations,Active,15
8873,user_8873,Security,Pending,58
8874,user_8874,Operations,Pending,45
8875,user_8875,Finance,Active,41
8876,user_8876,Engineering,Active,54
8877,user_8877,Finance,Pending,53
8878,user_8878,Finance,Active,63
8879,user_8879,Operations,Inactive,5
8880,user_8880,Security,Active,27
8881,user_8881,Engineering,Inactive,85
8882,user_8882,Finance,Inactive,16
8883,user_8883,Security,Active,71
8884,user_8884,Finance,Inactive,91
8885,user_8885,Operations,Pending,10
8886,user_8886,Security,Active,18
8887,user_8887,Operations,Inactive,59
8888,user_8888,Finance,Inactive,83
8889,user_8889,Operations,Inactive,6
8890,user_8890,Operations,Active,81
8891,user_8891,Engineering,Inactive,51
8892,user_8892,Operations,Active,45
8893,user_8893,Finance,Active,38
8894,user_8894,Security,Active,23
8895,user_8895,Operations,Active,66
8896,user_8896,Finance,Inactive,53
8897,user_8897,Finance,Active,88
8898,user_8898,Engineering,Pending,71
8899,user_8899,Operations,Active,22
8900,user_8900,Operations,Active,4
8901,user_8901,Security,Active,67
8902,user_8902,Engineering,Inactive,12
8903,user_8903,Operations,Active,2
8904,user_8904,Security,Pending,97
8905,user_8905,Security,Active,6
8906,user_8906,Operations,Inactive,79
8907,user_8907,Engineering,Inactive,78
8908,user_8908,Security,Pending,66
8909,user_8909,Security,Pending,65
8910,user_8910,Security,Active,88
8911,user_8911,Security,Active,45
8912,user_8912,Security,Pending,78
8913,user_8913,Security,Inactive,24
8914,user_8914,Security,Active,30
8915,user_8915,Engineering,Active,80
8916,user_8916,Finance,Pending,85
8917,user_8917,Operations,Active,38
8918,user_8918,Engineering,Pending,37
8919,user_8919,Finance,Inactive,67
8920,user_8920,Security,Inactive,61
8921,user_8921,Engineering,Pending,64
8922,user_8922,Operations,Active,10
8923,user_8923,Finance,Pending,37
8924,user_8924,Security,Active,59
8925,user_8925,Operations,Pending,84
8926,user_8926,Security,Inactive,63
8927,user_8927,Engineering,Pending,5
8928,user_8928,Finance,Pending,16
8929,user_8929,Finance,Inactive,40
8930,user_8930,Security,Active,43
8931,user_8931,Finance,Inactive,27
8932,user_8932,Security,Pending,99
8933,user_8933,Engineering,Pending,23
8934,user_8934,Engineering,Active,31
8935,user_8935,Engineering,Inactive,61
8936,user_8936,Security,Pending,45
8937,user_8937,Operations,Inactive,7
8938,user_8938,Security,Active,86
8939,user_8939,Finance,Pending,34
8940,user_8940,Finance,Inactive,24
8941,user_8941,Engineering,Active,20
8942,user_8942,Operations,Active,99
8943,user_8943,Engineering,Pending,29
8944,user_8944,Security,Pending,18
8945,user_8945,Operations,Active,26
8946,user_8946,Operations,Inactive,74
8947,user_8947,Engineering,Active,34
8948,user_8948,Finance,Pending,92
8949,user_8949,Engineering,Inactive,43
8950,user_8950,Operations,Inactive,100
8951,user_8951,Operations,Active,23
8952,user_8952,Operations,Inactive,24
8953,user_8953,Operations,Active,32
8954,user_8954,Security,Pending,27
8955,user_8955,Operations,Inactive,68
8956,user_8956,Security,Pending,31
8957,user_8957,Security,Pending,46
8958,user_8958,Operations,Inactive,48
8959,user_8959,Engineering,Inactive,83
8960,user_8960,Finance,Pending,27
8961,user_8961,Engineering,Active,72
8962,user_8962,Finance,Pending,9
8963,user_8963,Engineering,Pending,0
8964,user_8964,Finance,Inactive,17
8965,user_8965,Engineering,Inactive,33
8966,user_8966,Security,Inactive,75
8967,user_8967,Security,Inactive,44
8968,user_8968,Finance,Inactive,35
8969,user_8969,Security,Pending,0
8970,user_8970,Operations,Pending,2
8971,user_8971,Security,Pending,22
8972,user_8972,Operations,Inactive,34
8973,user_8973,Security,Active,28
8974,user_8974,Engineering,Active,33
8975,user_8975,Finance,Pending,87
8976,user_8976,Security,Inactive,94
8977,user_8977,Security,Inactive,75
8978,user_8978,Security,Pending,53
8979,user_8979,Engineering,Pending,12
8980,user_8980,Engineering,Inactive,20
8981,user_8981,Security,Pending,75
8982,user_8982,Security,Pending,1
8983,user_8983,Operations,Inactive,54
8984,user_8984,Security,Pending,15
8985,user_8985,Engineering,Active,28
8986,user_8986,Operations,Inactive,53
8987,user_8987,Engineering,Inactive,67
8988,user_8988,Finance,Inactive,95
8989,user_8989,Security,Pending,21
8990,user_8990,Security,Active,62
8991,user_8991,Security,Pending,51
8992,user_8992,Finance,Pending,0
8993,user_8993,Operations,Pending,34
8994,user_8994,Security,Inactive,34
8995,user_8995,Operations,Inactive,0
8996,user_8996,Operations,Inactive,78
8997,user_8997,Engineering,Pending,32
8998,user_8998,Finance,Active,96
8999,user_8999,Engineering,Active,9
9000,user_9000,Finance,Pending,37
9001,user_9001,Operations,Active,39
9002,user_9002,Operations,Inactive,100
9003,user_9003,Operations,Pending,81
9004,user_9004,Finance,Pending,20
9005,user_9005,Finance,Pending,11
9006,user_9006,Finance,Pending,6
9007,user_9007,Engineering,Inactive,69
9008,user_9008,Operations,Inactive,6
9009,user_9009,Engineering,Pending,39
9010,user_9010,Engineering,Active,8
9011,user_9011,Security,Active,72
9012,user_9012,Engineering,Inactive,64
9013,user_9013,Finance,Inactive,59
9014,user_9014,Finance,Pending,64
9015,user_9015,Operations,Active,83
9016,user_9016,Security,Inactive,61
9017,user_9017,Operations,Active,49
9018,user_9018,Security,Inactive,37
9019,user_9019,Finance,Inactive,21
9020,user_9020,Operations,Inactive,64
9021,user_9021,Security,Active,90
9022,user_9022,Security,Pending,34
9023,user_9023,Finance,Active,57
9024,user_9024,Finance,Active,93
9025,user_9025,Engineering,Pending,5
9026,user_9026,Operations,Inactive,63
9027,user_9027,Operations,Pending,95
9028,user_9028,Security,Pending,17
9029,user_9029,Engineering,Pending,96
9030,user_9030,Security,Active,58
9031,user_9031,Finance,Pending,10
9032,user_9032,Security,Inactive,42
9033,user_9033,Security,Inactive,14
9034,user_9034,Operations,Inactive,5
9035,user_9035,Engineering,Inactive,48
9036,user_9036,Security,Inactive,42
9037,user_9037,Security,Pending,21
9038,user_9038,Security,Active,70
9039,user_9039,Engineering,Active,84
9040,user_9040,Finance,Pending,62
9041,user_9041,Finance,Pending,36
9042,user_9042,Operations,Active,43
9043,user_9043,Engineering,Inactive,20
9044,user_9044,Finance,Inactive,10
9045,user_9045,Finance,Inactive,43
9046,user_9046,Security,Pending,91
9047,user_9047,Operations,Inactive,83
9048,user_9048,Operations,Active,41
9049,user_9049,Operations,Active,62
9050,user_9050,Finance,Active,33
9051,user_9051,Finance,Active,79
9052,user_9052,Security,Pending,5
9053,user_9053,Operations,Active,81
9054,user_9054,Engineering,Inactive,54
9055,user_9055,Engineering,Pending,30
9056,user_9056,Security,Inactive,21
9057,user_9057,Security,Inactive,82
9058,user_9058,Operations,Inactive,59
9059,user_9059,Engineering,Inactive,19
9060,user_9060,Finance,Inactive,2
9061,user_9061,Finance,Active,36
9062,user_9062,Operations,Pending,24
9063,user_9063,Finance,Pending,92
9064,user_9064,Finance,Inactive,55
9065,user_9065,Finance,Inactive,10
9066,user_9066,Operations,Inactive,26
9067,user_9067,Security,Inactive,19
9068,user_9068,Finance,Active,7
9069,user_9069,Security,Inactive,49
9070,user_9070,Finance,Inactive,69
9071,user_9071,Engineering,Inactive,47
9072,user_9072,Engineering,Active,14
9073,user_9073,Engineering,Inactive,88
9074,user_9074,Finance,Pending,86
9075,user_9075,Operations,Active,84
9076,user_9076,Security,Pending,61
9077,user_9077,Engineering,Pending,89
9078,user_9078,Engineering,Active,69
9079,user_9079,Security,Active,6
9080,user_9080,Operations,Inactive,39
9081,user_9081,Security,Active,32
9082,user_9082,Finance,Active,1
9083,user_9083,Operations,Inactive,20
9084,user_9084,Security,Active,41
9085,user_9085,Operations,Active,96
9086,user_9086,Operations,Active,83
9087,user_9087,Security,Inactive,13
9088,user_9088,Operations,Inactive,6
9089,user_9089,Security,Pending,83
9090,user_9090,Finance,Active,68
9091,user_9091,Engineering,Inactive,23
9092,user_9092,Security,Inactive,16
9093,user_9093,Operations,Pending,59
9094,user_9094,Finance,Active,92
9095,user_9095,Engineering,Inactive,29
9096,user_9096,Engineering,Inactive,92
9097,user_9097,Security,Active,12
9098,user_9098,Security,Inactive,29
9099,user_9099,Engineering,Active,31
9100,user_9100,Operations,Inactive,82
9101,user_9101,Finance,Pending,27
9102,user_9102,Engineering,Inactive,83
9103,user_9103,Security,Inactive,40
9104,user_9104,Engineering,Inactive,62
9105,user_9105,Security,Inactive,39
9106,user_9106,Security,Pending,56
9107,user_9107,Finance,Active,51
9108,user_9108,Finance,Pending,90
9109,user_9109,Finance,Pending,33
9110,user_9110,Operations,Inactive,91
9111,user_9111,Security,Inactive,21
9112,user_9112,Security,Pending,99
9113,user_9113,Security,Inactive,22
9114,user_9114,Operations,Active,71
9115,user_9115,Security,Pending,28
9116,user_9116,Engineering,Active,50
9117,user_9117,Operations,Inactive,60
9118,user_9118,Security,Active,90
9119,user_9119,Finance,Pending,81
9120,user_9120,Operations,Inactive,63
9121,user_9121,Operations,Pending,47
9122,user_9122,Finance,Active,28
9123,user_9123,Operations,Inactive,22
9124,user_9124,Finance,Inactive,42
9125,user_9125,Security,Inactive,56
9126,user_9126,Operations,Inactive,18
9127,user_9127,Engineering,Pending,75
9128,user_9128,Engineering,Active,82
9129,user_9129,Engineering,Inactive,43
9130,user_9130,Engineering,Pending,66
9131,user_9131,Finance,Active,66
9132,user_9132,Security,Active,32
9133,user_9133,Engineering,Pending,74
9134,user_9134,Security,Inactive,74
9135,user_9135,Engineering,Pending,80
9136,user_9136,Engineering,Active,22
9137,user_9137,Engineering,Pending,80
9138,user_9138,Engineering,Inactive,58
9139,user_9139,Security,Inactive,33
9140,user_9140,Operations,Pending,3
9141,user_9141,Engineering,Inactive,31
9142,user_9142,Operations,Active,65
9143,user_9143,Security,Inactive,93
9144,user_9144,Operations,Active,75
9145,user_9145,Finance,Inactive,22
9146,user_9146,Security,Active,97
9147,user_9147,Engineering,Inactive,73
9148,user_9148,Security,Active,49
9149,user_9149,Security,Active,29
9150,user_9150,Security,Active,87
9151,user_9151,Finance,Active,82
9152,user_9152,Finance,Active,82
9153,user_9153,Engineering,Active,47
9154,user_9154,Finance,Active,58
9155,user_9155,Finance,Active,18
9156,user_9156,Security,Inactive,49
9157,user_9157,Operations,Active,13
9158,user_9158,Security,Pending,39
9159,user_9159,Security,Inactive,39
9160,user_9160,Security,Active,80
9161,user_9161,Operations,Inactive,15
9162,user_9162,Finance,Inactive,61
9163,user_9163,Finance,Active,52
9164,user_9164,Finance,Active,33
9165,user_9165,Operations,Active,18
9166,user_9166,Operations,Inactive,3
9167,user_9167,Engineering,Active,19
9168,user_9168,Security,Inactive,2
9169,user_9169,Engineering,Active,95
9170,user_9170,Security,Pending,0
9171,user_9171,Security,Pending,40
9172,user_9172,Finance,Inactive,27
9173,user_9173,Security,Active,56
9174,user_9174,Operations,Active,45
9175,user_9175,Security,Inactive,47
9176,user_9176,Engineering,Inactive,61
9177,user_9177,Engineering,Inactive,72
9178,user_9178,Finance,Active,38
9179,user_9179,Finance,Pending,65
9180,user_9180,Engineering,Pending,59
9181,user_9181,Operations,Pending,72
9182,user_9182,Finance,Inactive,96
9183,user_9183,Operations,Pending,89
9184,user_9184,Engineering,Pending,58
9185,user_9185,Finance,Pending,87
9186,user_9186,Operations,Pending,11
9187,user_9187,Operations,Pending,95
9188,user_9188,Operations,Active,36
9189,user_9189,Operations,Pending,33
9190,user_9190,Operations,Pending,0
9191,user_9191,Security,Inactive,40
9192,user_9192,Security,Inactive,24
9193,user_9193,Operations,Inactive,23
9194,user_9194,Engineering,Inactive,63
9195,user_9195,Security,Active,88
9196,user_9196,Engineering,Inactive,62
9197,user_9197,Engineering,Active,67
9198,user_9198,Operations,Active,71
9199,user_9199,Engineering,Pending,58
9200,user_9200,Engineering,Active,40
9201,user_9201,Security,Inactive,52
9202,user_9202,Operations,Active,74
9203,user_9203,Operations,Pending,44
9204,user_9204,Security,Pending,1
9205,user_9205,Engineering,Active,78
9206,user_9206,Finance,Pending,17
9207,user_9207,Operations,Active,70
9208,user_9208,Finance,Pending,90
9209,user_9209,Finance,Active,51
9210,user_9210,Security,Inactive,57
9211,user_9211,Finance,Pending,42
9212,user_9212,Finance,Active,27
9213,user_9213,Operations,Pending,31
9214,user_9214,Security,Pending,97
9215,user_9215,Finance,Active,93
9216,user_9216,Finance,Active,67
9217,user_9217,Engineering,Active,89
9218,user_9218,Operations,Pending,61
9219,user_9219,Operations,Inactive,40
9220,user_9220,Operations,Active,23
9221,user_9221,Operations,Inactive,6
9222,user_9222,Engineering,Inactive,77
9223,user_9223,Finance,Inactive,84
9224,user_9224,Security,Active,3
9225,user_9225,Engineering,Pending,11
9226,user_9226,Finance,Active,9
9227,user_9227,Finance,Pending,53
9228,user_9228,Finance,Active,84
9229,user_9229,Engineering,Active,22
9230,user_9230,Finance,Active,6
9231,user_9231,Engineering,Pending,17
9232,user_9232,Finance,Active,69
9233,user_9233,Finance,Active,56
9234,user_9234,Finance,Inactive,12
9235,user_9235,Security,Inactive,94
9236,user_9236,Finance,Active,22
9237,user_9237,Security,Pending,10
9238,user_9238,Finance,Active,77
9239,user_9239,Operations,Active,54
9240,user_9240,Finance,Inactive,82
9241,user_9241,Security,Active,62
9242,user_9242,Operations,Pending,87
9243,user_9243,Finance,Active,4
9244,user_9244,Finance,Active,71
9245,user_9245,Security,Active,17
9246,user_9246,Engineering,Pending,69
9247,user_9247,Operations,Active,91
9248,user_9248,Finance,Active,51
9249,user_9249,Engineering,Inactive,72
9250,user_9250,Operations,Pending,2
9251,user_9251,Engineering,Inactive,36
9252,user_9252,Operations,Inactive,89
9253,user_9253,Operations,Inactive,67
9254,user_9254,Finance,Active,28
9255,user_9255,Operations,Inactive,45
9256,user_9256,Security,Inactive,26
9257,user_9257,Security,Pending,71
9258,user_9258,Security,Pending,30
9259,user_9259,Security,Active,26
9260,user_9260,Engineering,Active,61
9261,user_9261,Finance,Active,52
9262,user_9262,Finance,Active,36
9263,user_9263,Engineering,Inactive,32
9264,user_9264,Engineering,Active,42
9265,user_9265,Security,Inactive,9
9266,user_9266,Finance,Pending,38
9267,user_9267,Engineering,Active,74
9268,user_9268,Engineering,Pending,94
9269,user_9269,Operations,Inactive,13
9270,user_9270,Engineering,Active,1
9271,user_9271,Finance,Inactive,9
9272,user_9272,Security,Active,78
9273,user_9273,Engineering,Inactive,78
9274,user_9274,Finance,Active,72
9275,user_9275,Finance,Pending,63
9276,user_9276,Security,Pending,30
9277,user_9277,Operations,Pending,96
9278,user_9278,Engineering,Inactive,21
9279,user_9279,Engineering,Inactive,61
9280,user_9280,Engineering,Inactive,48
9281,user_9281,Finance,Active,44
9282,user_9282,Finance,Inactive,82
9283,user_9283,Security,Inactive,60
9284,user_9284,Engineering,Inactive,71
9285,user_9285,Finance,Inactive,31
9286,user_9286,Operations,Active,88
9287,user_9287,Operations,Pending,74
9288,user_9288,Engineering,Active,51
9289,user_9289,Finance,Inactive,65
9290,user_9290,Security,Pending,67
9291,user_9291,Finance,Inactive,76
9292,user_9292,Operations,Active,41
9293,user_9293,Operations,Pending,27
9294,user_9294,Security,Inactive,89
9295,user_9295,Security,Pending,19
9296,user_9296,Security,Inactive,32
9297,user_9297,Engineering,Pending,29
9298,user_9298,Finance,Active,12
9299,user_9299,Finance,Inactive,98
9300,user_9300,Security,Inactive,9
9301,user_9301,Security,Active,25
9302,user_9302,Security,Pending,61
9303,user_9303,Operations,Active,14
9304,user_9304,Operations,Active,45
9305,user_9305,Finance,Pending,98
9306,user_9306,Finance,Inactive,62
9307,user_9307,Finance,Active,14
9308,user_9308,Security,Pending,52
9309,user_9309,Finance,Inactive,22
9310,user_9310,Operations,Active,60
9311,user_9311,Engineering,Inactive,41
9312,user_9312,Operations,Pending,14
9313,user_9313,Operations,Pending,83
9314,user_9314,Operations,Pending,23
9315,user_9315,Operations,Pending,31
9316,user_9316,Security,Inactive,49
9317,user_9317,Engineering,Active,32
9318,user_9318,Security,Pending,80
9319,user_9319,Engineering,Inactive,19
9320,user_9320,Operations,Active,89
9321,user_9321,Security,Pending,75
9322,user_9322,Engineering,Pending,89
9323,user_9323,Operations,Active,45
9324,user_9324,Engineering,Pending,52
9325,user_9325,Operations,Inactive,76
9326,user_9326,Engineering,Pending,57
9327,user_9327,Operations,Pending,49
9328,user_9328,Operations,Active,8
9329,user_9329,Finance,Pending,7
9330,user_9330,Operations,Pending,41
9331,user_9331,Security,Inactive,92
9332,user_9332,Security,Pending,79
9333,user_9333,Finance,Active,61
9334,user_9334,Finance,Pending,42
9335,user_9335,Security,Inactive,71
9336,user_9336,Finance,Inactive,5
9337,user_9337,Finance,Active,20
9338,user_9338,Engineering,Inactive,6
9339,user_9339,Security,Active,2
9340,user_9340,Engineering,Pending,45
9341,user_9341,Finance,Inactive,89
9342,user_9342,Operations,Pending,39
9343,user_9343,Security,Inactive,33
9344,user_9344,Security,Pending,38
9345,user_9345,Finance,Inactive,71
9346,user_9346,Finance,Active,33
9347,user_9347,Operations,Inactive,58
9348,user_9348,Finance,Inactive,15
9349,user_9349,Finance,Inactive,29
9350,user_9350,Finance,Active,14
9351,user_9351,Finance,Inactive,11
9352,user_9352,Security,Pending,41
9353,user_9353,Engineering,Pending,15
9354,user_9354,Engineering,Pending,4
9355,user_9355,Operations,Pending,89
9356,user_9356,Finance,Pending,39
9357,user_9357,Finance,Active,77
9358,user_9358,Security,Pending,67
9359,user_9359,Finance,Inactive,12
9360,user_9360,Finance,Inactive,99
9361,user_9361,Engineering,Inactive,25
9362,user_9362,Engineering,Pending,21
9363,user_9363,Finance,Pending,53
9364,user_9364,Operations,Pending,48
9365,user_9365,Engineering,Inactive,14
9366,user_9366,Finance,Pending,1
9367,user_9367,Operations,Active,84
9368,user_9368,Operations,Active,29
9369,user_9369,Engineering,Active,35
9370,user_9370,Security,Active,5
9371,user_9371,Engineering,Inactive,4
9372,user_9372,Finance,Pending,84
9373,user_9373,Security,Active,12
9374,user_9374,Security,Inactive,95
9375,user_9375,Finance,Inactive,58
9376,user_9376,Finance,Inactive,12
9377,user_9377,Engineering,Pending,76
9378,user_9378,Engineering,Active,60
9379,user_9379,Security,Inactive,16
9380,user_9380,Finance,Pending,38
9381,user_9381,Finance,Active,12
9382,user_9382,Security,Pending,68
9383,user_9383,Security,Active,50
9384,user_9384,Engineering,Pending,36
9385,user_9385,Engineering,Inactive,30
9386,user_9386,Finance,Active,21
9387,user_9387,Security,Pending,51
9388,user_9388,Operations,Active,18
9389,user_9389,Engineering,Inactive,34
9390,user_9390,Operations,Inactive,68
9391,user_9391,Finance,Inactive,42
9392,user_9392,Finance,Inactive,68
9393,user_9393,Operations,Inactive,98
9394,user_9394,Operations,Inactive,36
9395,user_9395,Finance,Pending,36
9396,user_9396,Finance,Active,48
9397,user_9397,Operations,Inactive,3
9398,user_9398,Finance,Inactive,99
9399,user_9399,Operations,Active,87
9400,user_9400,Finance,Active,89
9401,user_9401,Operations,Pending,81
9402,user_9402,Engineering,Inactive,97
9403,user_9403,Security,Active,49
9404,user_9404,Finance,Active,27
9405,user_9405,Finance,Inactive,42
9406,user_9406,Finance,Inactive,8
9407,user_9407,Engineering,Active,78
9408,user_9408,Operations,Inactive,32
9409,user_9409,Engineering,Inactive,23
9410,user_9410,Operations,Active,9
9411,user_9411,Finance,Inactive,26
9412,user_9412,Operations,Active,59
9413,user_9413,Operations,Active,52
9414,user_9414,Engineering,Active,55
9415,user_9415,Engineering,Pending,94
9416,user_9416,Finance,Inactive,85
9417,user_9417,Finance,Active,39
9418,user_9418,Operations,Inactive,10
9419,user_9419,Finance,Pending,81
9420,user_9420,Engineering,Inactive,98
9421,user_9421,Finance,Inactive,29
9422,user_9422,Security,Inactive,92
9423,user_9423,Operations,Inactive,69
9424,user_9424,Operations,Pending,69
9425,user_9425,Engineering,Inactive,3
9426,user_9426,Security,Pending,43
9427,user_9427,Security,Active,0
9428,user_9428,Finance,Active,45
9429,user_9429,Finance,Pending,46
9430,user_9430,Engineering,Pending,61
9431,user_9431,Security,Pending,65
9432,user_9432,Security,Inactive,64
9433,user_9433,Finance,Inactive,69
9434,user_9434,Operations,Pending,54
9435,user_9435,Operations,Pending,24
9436,user_9436,Finance,Pending,58
9437,user_9437,Security,Pending,6
9438,user_9438,Engineering,Pending,98
9439,user_9439,Engineering,Inactive,26
9440,user_9440,Operations,Active,22
9441,user_9441,Security,Active,10
9442,user_9442,Finance,Pending,12
9443,user_9443,Security,Active,21
9444,user_9444,Engineering,Pending,69
9445,user_9445,Finance,Pending,77
9446,user_9446,Finance,Inactive,92
9447,user_9447,Engineering,Active,70
9448,user_9448,Finance,Active,69
9449,user_9449,Engineering,Active,45
9450,user_9450,Security,Inactive,14
9451,user_9451,Engineering,Active,16
9452,user_9452,Engineering,Active,41
9453,user_9453,Finance,Pending,64
9454,user_9454,Engineering,Inactive,100
9455,user_9455,Finance,Inactive,63
9456,user_9456,Operations,Active,71
9457,user_9457,Finance,Pending,94
9458,user_9458,Security,Active,19
9459,user_9459,Finance,Inactive,43
9460,user_9460,Operations,Inactive,69
9461,user_9461,Engineering,Inactive,75
9462,user_9462,Security,Pending,68
9463,user_9463,Engineering,Pending,99
9464,user_9464,Security,Pending,4
9465,user_9465,Engineering,Pending,74
9466,user_9466,Finance,Inactive,74
9467,user_9467,Operations,Pending,80
9468,user_9468,Security,Active,89
9469,user_9469,Finance,Active,76
9470,user_9470,Engineering,Inactive,21
9471,user_9471,Operations,Inactive,3
9472,user_9472,Security,Active,96
9473,user_9473,Operations,Pending,25
9474,user_9474,Security,Active,2
9475,user_9475,Security,Active,39
9476,user_9476,Engineering,Inactive,57
9477,user_9477,Engineering,Inactive,60
9478,user_9478,Engineering,Pending,17
9479,user_9479,Security,Active,0
9480,user_9480,Operations,Pending,58
9481,user_9481,Operations,Active,75
9482,user_9482,Finance,Active,90
9483,user_9483,Engineering,Pending,72
9484,user_9484,Operations,Active,79
9485,user_9485,Security,Inactive,7
9486,user_9486,Finance,Pending,82
9487,user_9487,Finance,Inactive,76
9488,user_9488,Finance,Pending,77
9489,user_9489,Operations,Inactive,55
9490,user_9490,Engineering,Active,94
9491,user_9491,Security,Pending,62
9492,user_9492,Engineering,Active,92
9493,user_9493,Security,Pending,72
9494,user_9494,Finance,Pending,87
9495,user_9495,Security,Pending,0
9496,user_9496,Finance,Pending,65
9497,user_9497,Security,Inactive,55
9498,user_9498,Operations,Pending,73
9499,user_9499,Finance,Inactive,90
9500,user_9500,Operations,Active,90
9501,user_9501,Engineering,Pending,83
9502,user_9502,Engineering,Active,84
9503,user_9503,Engineering,Inactive,79
9504,user_9504,Operations,Pending,10
9505,user_9505,Security,Inactive,46
9506,user_9506,Operations,Pending,57
9507,user_9507,Operations,Pending,21
9508,user_9508,Finance,Active,45
9509,user_9509,Security,Inactive,78
9510,user_9510,Finance,Pending,30
9511,user_9511,Security,Active,81
9512,user_9512,Finance,Active,92
9513,user_9513,Finance,Pending,57
9514,user_9514,Operations,Inactive,31
9515,user_9515,Security,Active,53
9516,user_9516,Engineering,Active,95
9517,user_9517,Finance,Active,69
9518,user_9518,Engineering,Active,78
9519,user_9519,Operations,Active,90
9520,user_9520,Security,Inactive,100
9521,user_9521,Finance,Pending,74
9522,user_9522,Finance,Pending,22
9523,user_9523,Security,Inactive,71
9524,user_9524,Engineering,Active,14
9525,user_9525,Engineering,Pending,1
9526,user_9526,Security,Active,28
9527,user_9527,Engineering,Pending,91
9528,user_9528,Finance,Pending,83
9529,user_9529,Engineering,Active,69
9530,user_9530,Engineering,Pending,37
9531,user_9531,Engineering,Active,9
9532,user_9532,Finance,Inactive,62
9533,user_9533,Operations,Active,13
9534,user_9534,Security,Pending,56
9535,user_9535,Security,Active,89
9536,user_9536,Engineering,Pending,89
9537,user_9537,Engineering,Inactive,47
9538,user_9538,Engineering,Inactive,93
9539,user_9539,Engineering,Inactive,90
9540,user_9540,Finance,Pending,88
9541,user_9541,Finance,Active,14
9542,user_9542,Engineering,Active,67
9543,user_9543,Security,Active,84
9544,user_9544,Engineering,Inactive,8
9545,user_9545,Finance,Pending,75
9546,user_9546,Engineering,Active,56
9547,user_9547,Engineering,Inactive,47
9548,user_9548,Finance,Pending,64
9549,user_9549,Operations,Inactive,52
9550,user_9550,Finance,Inactive,89
9551,user_9551,Operations,Pending,71
9552,user_9552,Engineering,Pending,42
9553,user_9553,Operations,Inactive,21
9554,user_9554,Finance,Inactive,28
9555,user_9555,Engineering,Pending,5
9556,user_9556,Finance,Inactive,17
9557,user_9557,Security,Active,73
9558,user_9558,Security,Inactive,62
9559,user_9559,Engineering,Inactive,76
9560,user_9560,Finance,Pending,92
9561,user_9561,Engineering,Pending,87
9562,user_9562,Security,Pending,53
9563,user_9563,Finance,Pending,62
9564,user_9564,Operations,Inactive,95
9565,user_9565,Finance,Active,6
9566,user_9566,Security,Pending,87
9567,user_9567,Finance,Inactive,31
9568,user_9568,Security,Inactive,21
9569,user_9569,Engineering,Active,38
9570,user_9570,Engineering,Pending,82
9571,user_9571,Finance,Active,6
9572,user_9572,Security,Inactive,67
9573,user_9573,Finance,Active,40
9574,user_9574,Engineering,Pending,98
9575,user_9575,Finance,Active,59
9576,user_9576,Finance,Pending,42
9577,user_9577,Finance,Inactive,81
9578,user_9578,Security,Inactive,72
9579,user_9579,Engineering,Inactive,67
9580,user_9580,Operations,Inactive,77
9581,user_9581,Operations,Inactive,8
9582,user_9582,Operations,Pending,3
9583,user_9583,Operations,Pending,14
9584,user_9584,Finance,Inactive,43
9585,user_9585,Operations,Inactive,2
9586,user_9586,Engineering,Active,37
9587,user_9587,Engineering,Inactive,26
9588,user_9588,Security,Active,63
9589,user_9589,Finance,Inactive,92
9590,user_9590,Security,Active,30
9591,user_9591,Security,Active,14
9592,user_9592,Engineering,Active,74
9593,user_9593,Security,Pending,41
9594,user_9594,Finance,Pending,92
9595,user_9595,Finance,Inactive,32
9596,user_9596,Operations,Inactive,27
9597,user_9597,Security,Inactive,54
9598,user_9598,Operations,Inactive,39
9599,user_9599,Operations,Inactive,7
9600,user_9600,Engineering,Active,24
9601,user_9601,Engineering,Pending,73
9602,user_9602,Engineering,Inactive,73
9603,user_9603,Finance,Pending,88
9604,user_9604,Engineering,Active,50
9605,user_9605,Security,Pending,27
9606,user_9606,Security,Pending,94
9607,user_9607,Operations,Inactive,60
9608,user_9608,Finance,Inactive,42
9609,user_9609,Operations,Pending,78
9610,user_9610,Operations,Inactive,50
9611,user_9611,Engineering,Inactive,1
9612,user_9612,Finance,Active,91
9613,user_9613,Engineering,Pending,16
9614,user_9614,Operations,Inactive,32
9615,user_9615,Operations,Active,51
9616,user_9616,Operations,Inactive,84
9617,user_9617,Security,Active,29
9618,user_9618,Security,Inactive,74
9619,user_9619,Security,Active,86
9620,user_9620,Operations,Inactive,94
9621,user_9621,Security,Inactive,30
9622,user_9622,Operations,Inactive,49
9623,user_9623,Security,Active,31
9624,user_9624,Security,Pending,97
9625,user_9625,Security,Active,75
9626,user_9626,Engineering,Inactive,70
9627,user_9627,Engineering,Active,69
9628,user_9628,Operations,Pending,23
9629,user_9629,Security,Active,92
9630,user_9630,Security,Inactive,53
9631,user_9631,Engineering,Pending,41
9632,user_9632,Security,Inactive,69
9633,user_9633,Finance,Pending,38
9634,user_9634,Operations,Pending,100
9635,user_9635,Operations,Inactive,14
9636,user_9636,Operations,Active,79
9637,user_9637,Security,Pending,43
9638,user_9638,Engineering,Pending,96
9639,user_9639,Security,Active,89
9640,user_9640,Finance,Inactive,99
9641,user_9641,Security,Pending,84
9642,user_9642,Security,Pending,72
9643,user_9643,Engineering,Pending,33
9644,user_9644,Finance,Inactive,6
9645,user_9645,Finance,Pending,83
9646,user_9646,Finance,Inactive,44
9647,user_9647,Security,Active,96
9648,user_9648,Engineering,Active,0
9649,user_9649,Engineering,Pending,63
9650,user_9650,Operations,Pending,98
9651,user_9651,Finance,Pending,4
9652,user_9652,Security,Inactive,97
9653,user_9653,Finance,Active,2
9654,user_9654,Finance,Pending,11
9655,user_9655,Operations,Pending,13
9656,user_9656,Engineering,Active,87
9657,user_9657,Engineering,Active,15
9658,user_9658,Security,Inactive,53
9659,user_9659,Security,Pending,57
9660,user_9660,Finance,Inactive,67
9661,user_9661,Operations,Inactive,100
9662,user_9662,Finance,Pending,46
9663,user_9663,Security,Pending,38
9664,user_9664,Finance,Inactive,15
9665,user_9665,Engineering,Inactive,47
9666,user_9666,Operations,Pending,7
9667,user_9667,Operations,Active,98
9668,user_9668,Security,Active,46
9669,user_9669,Operations,Pending,64
9670,user_9670,Engineering,Active,37
9671,user_9671,Operations,Active,69
9672,user_9672,Finance,Pending,18
9673,user_9673,Operations,Inactive,99
9674,user_9674,Security,Inactive,69
9675,user_9675,Operations,Active,66
9676,user_9676,Security,Inactive,23
9677,user_9677,Finance,Inactive,60
9678,user_9678,Operations,Inactive,4
9679,user_9679,Operations,Inactive,44
9680,user_9680,Operations,Active,63
9681,user_9681,Operations,Active,5
9682,user_9682,Finance,Pending,1
9683,user_9683,Engineering,Pending,91
9684,user_9684,Operations,Active,37
9685,user_9685,Security,Pending,94
9686,user_9686,Finance,Inactive,69
9687,user_9687,Operations,Pending,52
9688,user_9688,Security,Active,24
9689,user_9689,Engineering,Active,66
9690,user_9690,Security,Active,5
9691,user_9691,Engineering,Active,77
9692,user_9692,Finance,Pending,65
9693,user_9693,Finance,Pending,46
9694,user_9694,Operations,Active,47
9695,user_9695,Engineering,Active,60
9696,user_9696,Engineering,Pending,75
9697,user_9697,Security,Active,65
9698,user_9698,Security,Pending,23
9699,user_9699,Engineering,Pending,48
9700,user_9700,Security,Pending,75
9701,user_9701,Operations,Pending,74
9702,user_9702,Finance,Inactive,59
9703,user_9703,Finance,Active,82
9704,user_9704,Operations,Pending,8
9705,user_9705,Security,Active,33
9706,user_9706,Security,Active,39
9707,user_9707,Finance,Active,100
9708,user_9708,Engineering,Inactive,96
9709,user_9709,Finance,Inactive,68
9710,user_9710,Security,Pending,45
9711,user_9711,Finance,Pending,63
9712,user_9712,Operations,Active,23
9713,user_9713,Security,Active,11
9714,user_9714,Security,Inactive,77
9715,user_9715,Operations,Pending,67
9716,user_9716,Operations,Inactive,37
9717,user_9717,Operations,Pending,26
9718,user_9718,Operations,Pending,49
9719,user_9719,Operations,Active,0
9720,user_9720,Finance,Pending,22
9721,user_9721,Finance,Pending,77
9722,user_9722,Finance,Pending,80
9723,user_9723,Engineering,Active,4
9724,user_9724,Operations,Inactive,87
9725,user_9725,Security,Active,92
9726,user_9726,Security,Pending,89
9727,user_9727,Engineering,Active,91
9728,user_9728,Operations,Inactive,1
9729,user_9729,Engineering,Inactive,100
9730,user_9730,Engineering,Inactive,15
9731,user_9731,Engineering,Active,55
9732,user_9732,Security,Pending,32
9733,user_9733,Engineering,Pending,35
9734,user_9734,Engineering,Inactive,12
9735,user_9735,Operations,Inactive,99
9736,user_9736,Finance,Active,25
9737,user_9737,Finance,Active,79
9738,user_9738,Security,Active,55
9739,user_9739,Finance,Active,62
9740,user_9740,Security,Pending,38
9741,user_9741,Security,Active,45
9742,user_9742,Security,Pending,64
9743,user_9743,Engineering,Pending,95
9744,user_9744,Engineering,Active,35
9745,user_9745,Finance,Active,20
9746,user_9746,Engineering,Active,95
9747,user_9747,Security,Inactive,15
9748,user_9748,Security,Active,96
9749,user_9749,Operations,Active,8
9750,user_9750,Finance,Active,16
9751,user_9751,Finance,Pending,92
9752,user_9752,Engineering,Active,68
9753,user_9753,Engineering,Inactive,48
9754,user_9754,Security,Inactive,77
9755,user_9755,Finance,Pending,46
9756,user_9756,Engineering,Pending,86
9757,user_9757,Finance,Inactive,34
9758,user_9758,Engineering,Pending,93
9759,user_9759,Operations,Active,52
9760,user_9760,Operations,Inactive,97
9761,user_9761,Engineering,Active,11
9762,user_9762,Finance,Inactive,63
9763,user_9763,Operations,Inactive,1
9764,user_9764,Security,Active,84
9765,user_9765,Engineering,Active,7
9766,user_9766,Engineering,Inactive,1
9767,user_9767,Finance,Active,14
9768,user_9768,Operations,Active,15
9769,user_9769,Engineering,Pending,35
9770,user_9770,Engineering,Active,60
9771,user_9771,Engineering,Pending,38
9772,user_9772,Security,Pending,21
9773,user_9773,Finance,Inactive,61
9774,user_9774,Finance,Active,84
9775,user_9775,Finance,Pending,21
9776,user_9776,Security,Active,81
9777,user_9777,Security,Inactive,20
9778,user_9778,Finance,Pending,28
9779,user_9779,Engineering,Inactive,33
9780,user_9780,Finance,Active,95
9781,user_9781,Finance,Inactive,11
9782,user_9782,Operations,Active,17
9783,user_9783,Operations,Inactive,22
9784,user_9784,Security,Inactive,38
9785,user_9785,Security,Inactive,93
9786,user_9786,Finance,Active,97
9787,user_9787,Security,Inactive,36
9788,user_9788,Finance,Active,72
9789,user_9789,Operations,Active,45
9790,user_9790,Engineering,Active,27
9791,user_9791,Finance,Inactive,20
9792,user_9792,Engineering,Inactive,7
9793,user_9793,Finance,Inactive,77
9794,user_9794,Security,Pending,81
9795,user_9795,Operations,Pending,84
9796,user_9796,Operations,Inactive,66
9797,user_9797,Operations,Inactive,17
9798,user_9798,Engineering,Inactive,74
9799,user_9799,Operations,Active,22
9800,user_9800,Operations,Pending,82
9801,user_9801,Engineering,Inactive,32
9802,user_9802,Finance,Inactive,34
9803,user_9803,Finance,Active,56
9804,user_9804,Operations,Active,32
9805,user_9805,Engineering,Inactive,90
9806,user_9806,Operations,Active,34
9807,user_9807,Operations,Active,94
9808,user_9808,Engineering,Inactive,10
9809,user_9809,Operations,Pending,20
9810,user_9810,Engineering,Inactive,51
9811,user_9811,Engineering,Pending,58
9812,user_9812,Finance,Pending,4
9813,user_9813,Operations,Active,42
9814,user_9814,Operations,Active,85
9815,user_9815,Engineering,Pending,71
9816,user_9816,Operations,Inactive,30
9817,user_9817,Operations,Active,69
9818,user_9818,Finance,Active,83
9819,user_9819,Finance,Pending,22
9820,user_9820,Security,Active,99
9821,user_9821,Finance,Pending,12
9822,user_9822,Security,Pending,56
9823,user_9823,Engineering,Pending,65
9824,user_9824,Engineering,Inactive,69
9825,user_9825,Security,Inactive,92
9826,user_9826,Finance,Inactive,50
9827,user_9827,Operations,Active,45
9828,user_9828,Engineering,Active,11
9829,user_9829,Engineering,Inactive,65
9830,user_9830,Engineering,Active,72
9831,user_9831,Security,Active,62
9832,user_9832,Operations,Active,95
9833,user_9833,Operations,Inactive,14
9834,user_9834,Operations,Pending,0
9835,user_9835,Finance,Active,1
9836,user_9836,Security,Inactive,6
9837,user_9837,Finance,Active,56
9838,user_9838,Finance,Pending,58
9839,user_9839,Operations,Pending,67
9840,user_9840,Operations,Inactive,6
9841,user_9841,Security,Active,67
9842,user_9842,Security,Active,50
9843,user_9843,Security,Inactive,95
9844,user_9844,Finance,Active,62
9845,user_9845,Finance,Inactive,91
9846,user_9846,Finance,Pending,11
9847,user_9847,Operations,Active,86
9848,user_9848,Finance,Pending,10
9849,user_9849,Engineering,Active,13
9850,user_9850,Security,Active,67
9851,user_9851,Operations,Inactive,93
9852,user_9852,Security,Active,56
9853,user_9853,Finance,Inactive,75
9854,user_9854,Engineering,Active,82
9855,user_9855,Finance,Active,72
9856,user_9856,Operations,Active,24
9857,user_9857,Security,Active,78
9858,user_9858,Engineering,Pending,18
9859,user_9859,Engineering,Pending,12
9860,user_9860,Finance,Pending,67
9861,user_9861,Finance,Pending,62
9862,user_9862,Operations,Inactive,14
9863,user_9863,Engineering,Inactive,56
9864,user_9864,Operations,Inactive,4
9865,user_9865,Engineering,Active,26
9866,user_9866,Finance,Pending,13
9867,user_9867,Engineering,Pending,31
9868,user_9868,Security,Active,57
9869,user_9869,Engineering,Inactive,11
9870,user_9870,Engineering,Active,82
9871,user_9871,Operations,Active,3
9872,user_9872,Engineering,Active,63
9873,user_9873,Engineering,Inactive,44
9874,user_9874,Finance,Active,87
9875,user_9875,Operations,Pending,65
9876,user_9876,Security,Active,54
9877,user_9877,Engineering,Inactive,61
9878,user_9878,Finance,Inactive,25
9879,user_9879,Finance,Inactive,77
9880,user_9880,Operations,Active,79
9881,user_9881,Security,Inactive,97
9882,user_9882,Finance,Pending,81
9883,user_9883,Engineering,Active,32
9884,user_9884,Engineering,Pending,78
9885,user_9885,Engineering,Active,63
9886,user_9886,Finance,Active,77
9887,user_9887,Engineering,Active,75
9888,user_9888,Operations,Active,40
9889,user_9889,Engineering,Inactive,92
9890,user_9890,Security,Inactive,69
9891,user_9891,Operations,Inactive,14
9892,user_9892,Operations,Inactive,22
9893,user_9893,Engineering,Active,3
9894,user_9894,Engineering,Pending,35
9895,user_9895,Security,Inactive,2
9896,user_9896,Engineering,Active,6
9897,user_9897,Operations,Pending,93
9898,user_9898,Operations,Pending,42
9899,user_9899,Engineering,Pending,47
9900,user_9900,Operations,Pending,84
9901,user_9901,Finance,Inactive,4
9902,user_9902,Operations,Pending,58
9903,user_9903,Finance,Pending,71
9904,user_9904,Security,Pending,100
9905,user_9905,Engineering,Pending,96
9906,user_9906,Engineering,Pending,38
9907,user_9907,Finance,Inactive,82
9908,user_9908,Operations,Active,89
9909,user_9909,Finance,Inactive,97
9910,user_9910,Engineering,Pending,67
9911,user_9911,Engineering,Active,60
9912,user_9912,Finance,Inactive,55
9913,user_9913,Security,Active,39
9914,user_9914,Engineering,Inactive,9
9915,user_9915,Security,Pending,28
9916,user_9916,Security,Pending,39
9917,user_9917,Security,Pending,94
9918,user_9918,Security,Inactive,78
9919,user_9919,Finance,Inactive,14
9920,user_9920,Engineering,Pending,4
9921,user_9921,Operations,Inactive,18
9922,user_9922,Operations,Pending,62
9923,user_9923,Operations,Pending,30
9924,user_9924,Operations,Inactive,41
9925,user_9925,Operations,Inactive,21
9926,user_9926,Operations,Inactive,63
9927,user_9927,Finance,Pending,54
9928,user_9928,Security,Inactive,21
9929,user_9929,Operations,Pending,10
9930,user_9930,Security,Pending,19
9931,user_9931,Finance,Active,70
9932,user_9932,Engineering,Active,77
9933,user_9933,Operations,Inactive,59
9934,user_9934,Security,Inactive,66
9935,user_9935,Finance,Pending,57
9936,user_9936,Security,Inactive,37
9937,user_9937,Finance,Inactive,87
9938,user_9938,Operations,Active,54
9939,user_9939,Security,Pending,61
9940,user_9940,Security,Inactive,100
9941,user_9941,Security,Pending,24
9942,user_9942,Engineering,Pending,93
9943,user_9943,Operations,Pending,67
9944,user_9944,Finance,Pending,44
9945,user_9945,Finance,Active,70
9946,user_9946,Finance,Active,38
9947,user_9947,Operations,Inactive,43
9948,user_9948,Finance,Pending,62
9949,user_9949,Operations,Inactive,40
9950,user_9950,Operations,Active,100
9951,user_9951,Security,Active,16
9952,user_9952,Finance,Inactive,58
9953,user_9953,Operations,Pending,76
9954,user_9954,Engineering,Pending,12
9955,user_9955,Security,Inactive,46
9956,user_9956,Engineering,Active,72
9957,user_9957,Security,Active,9
9958,user_9958,Security,Pending,10
9959,user_9959,Security,Pending,81
9960,user_9960,Finance,Inactive,14
9961,user_9961,Operations,Inactive,24
9962,user_9962,Security,Pending,52
9963,user_9963,Security,Active,5
9964,user_9964,Security,Inactive,31
9965,user_9965,Engineering,Pending,6
9966,user_9966,Engineering,Inactive,21
9967,user_9967,Engineering,Pending,44
9968,user_9968,Finance,Active,47
9969,user_9969,Security,Inactive,77
9970,user_9970,Operations,Active,55
9971,user_9971,Security,Pending,76
9972,user_9972,Operations,Active,61
9973,user_9973,Finance,Inactive,36
9974,user_9974,Operations,Active,28
9975,user_9975,Operations,Active,4
9976,user_9976,Engineering,Pending,71
9977,user_9977,Operations,Pending,75
9978,user_9978,Engineering,Inactive,20
9979,user_9979,Engineering,Pending,18
9980,user_9980,Security,Pending,62
9981,user_9981,Engineering,Pending,33
9982,user_9982,Operations,Active,52
9983,user_9983,Operations,Active,82
9984,user_9984,Engineering,Pending,89
9985,user_9985,Operations,Active,60
9986,user_9986,Engineering,Pending,75
9987,user_9987,Security,Inactive,43
9988,user_9988,Finance,Pending,93
9989,user_9989,Engineering,Inactive,44
9990,user_9990,Engineering,Active,23
9991,user_9991,Security,Pending,20
9992,user_9992,Finance,Pending,69
9993,user_9993,Security,Active,9
9994,user_9994,Finance,Active,27
9995,user_9995,Engineering,Active,30
9996,user_9996,Finance,Pending,62
9997,user_9997,Operations,Active,80
9998,user_9998,Engineering,Inactive,65
9999,user_9999,Finance,Inactive,94
